state_abbr,date,handle,revenue,hold,taxes
AR,Jul-19,416160,76885,0.185,9995
AR,Aug-19,778249,58858,0.076,7652
AR,Sep-19,2252196,183044,0.081,23796
AR,Oct-19,2216369,380006,0.171,49401
AR,Nov-19,2978235,181497,0.061,23595
AR,Dec-19,2633806,455368,0.173,59198
AR,Jan-20,2587732,254811,0.098,33263
AR,Feb-20,4294366,411589,0.096,67494
AR,Mar-20,1588403,222373,0.14,38310
AR,Apr-20,0,0,0,0
AR,May-20,509,-115,-0.226,-15
AR,Jun-20,1189,10,0.008,1
AR,Jul-20,179315,-19633,-0.109,-2552
AR,Aug-20,1008992,69625,0.069,9051
AR,Sep-20,3958748,397095,0.1,51622
AR,Oct-20,6559859,940513,0.143,122267
AR,Nov-20,6288249,975984,0.155,126878
AR,Dec-20,6415446,1054273,0.164,137055
AR,Jan-21,7187194,1383240,0.192,180474
AR,Feb-21,4469442,651239,0.146,92922
AR,Mar-21,5947427,805182,0.135,130877
AR,Apr-21,4065703,756328,0.186,131137
AR,May-21,3687207,506142,0.137,81710
AR,Jun-21,3895683,382940,0.098,59088
AR,Jul-21,2908833,449040,0.154,58375
AR,Aug-21,2892285,310481,0.107,40363
AR,Sep-21,7007774,809404,0.116,105223
AR,Oct-21,9506183,803567,0.085,104464
AR,Nov-21,8380191,1623434,0.194,211047
AR,Dec-21,7794292,130305,0.017,6188
AR,Jan-22,8775932,1181335,0.135,153574
AR,Feb-22,5876444,359103,0.061,61390
AR,Mar-22,10686501,791867,0.074,119671
AR,Apr-22,8598226,749810,0.087,120297
AR,May-22,10185647,615576,0.06,117426
AR,Jun-22,12632207,4045,0,12598
AR,Jul-22,9290467,854436,0.092,111077
AR,Aug-22,10195911,1015339,0.1,131994
AR,Sep-22,21185547,3208032,0.151,417044
AR,Oct-22,26879107,2793719,0.104,363183
AR,Nov-22,30576009,2999450,0.098,452393
AR,Dec-22,30936485,3409972,0.11,449690
AR,Jan-23,32976264,2868244,0.087,439379
AR,Feb-23,29532263,1709714,0.058,254925
AR,Mar-23,37474412,4264047,0.114,626042
AR,Apr-23,25452659,2336023,0.092,349633
AR,May-23,22777209,2293281,0.101,458656
AR,Jun-23,22708945,1334973,0.059,266995
AR,Jul-23,17577626,2077422,0.118,270065
AZ,Aug-23,291212868,32308342,0.111,31393
AZ,Sep-23,486097352,37510371,0.077,1022841
AZ,Oct-23,466725687,51416143,0.11,3177148
AZ,Nov-23,499213733,39822928,0.08,1723902
AZ,Dec-23,563694591,41890200,0.074,1952971
AZ,Jan-24,491665554,25629835,0.052,670686
AZ,Feb-24,690979294,38898393,0.056,1864457
AZ,Mar-24,512877848,30441992,0.059,1647450
AZ,Apr-24,461450688,56193286,0.122,4125125
AZ,May-24,318774198,12601356,0.04,766831
AZ,Jun-24,290511533,22684581,0.078,1496427
AZ,Jul-24,361008835,37161759,0.103,2767590
AZ,Aug-24,537966149,56428816,0.105,3058838
AZ,Sep-24,618570296,49392417,0.08,2963716
AZ,Oct-24,616855045,56028195,0.091,3876208
AZ,Nov-24,572490899,55581725,0.097,3724395
AZ,Dec-24,591220794,47486817,0.08,2886502
AZ,Jan-25,609278096,35412452,0.058,1609581
AZ,Feb-25,644763991,53523947,0.083,3704268
AZ,Mar-25,535712027,49163323,0.092,3429846
AZ,Apr-25,451717025,49458507,0.109,3376059
AZ,May-25,393198858,28331608,0.072,1633356
CO,Jun-25,25621762,2565729,0.1,96538
CO,Jul-25,38136949,3484015,0.091,217945
CO,Aug-25,59183620,5196599,0.088,241731
CO,Sep-25,128646209,7519599,0.058,189326
CO,Oct-25,207655943,4166334,0.02,69772
CO,Nov-25,210719821,17402409,0.083,824700
CO,Dec-25,231238842,18354655,0.079,793820
CO,Jan-26,284551472,17151867,0.06,531490
CO,Feb-26,326903462,23144535,0.071,1195774
CO,Mar-26,266549207,10444810,0.039,332227
CO,Apr-26,300990842,20365119,0.068,1060854
CO,May-26,244446760,17563939,0.072,1082611
CO,Jun-26,248968193,15129108,0.061,633896
CO,Jul-26,229764688,19730957,0.086,1186455
CO,Aug-26,181327995,15652461,0.086,999111
CO,Sep-26,211918185,15228343,0.072,728518
CO,Oct-26,408314625,22658630,0.055,483048
CO,Nov-26,491453342,28616708,0.058,1246804
CO,Dec-26,475441229,36781848,0.077,1981640
CO,Jan-27,461448574,24732487,0.054,770561
CO,Feb-27,573720213,34640219,0.06,1447952
CO,Mar-27,440508421,19604490,0.045,314731
CO,Apr-27,505611080,28238194,0.056,1313076
CO,May-27,392311737,22571887,0.058,1231742
CO,Jun-27,360325438,27119329,0.075,1659189
CO,Jul-27,313215081,6781092,0.022,268280
CO,Aug-27,258414808,20802881,0.081,1092182
CO,Sep-27,290107970,25859270,0.089,1822272
CO,Oct-27,450232597,51339659,0.114,2989342
CO,Nov-27,526619777,36514974,0.069,2330705
CO,Dec-27,552603013,37569022,0.068,2581533
CO,Jan-28,518088768,40909238,0.079,2583711
CO,Feb-28,547189025,35482562,0.065,2586457
CO,Mar-28,425142877,22599602,0.053,1257332
CO,Apr-28,494440210,45935669,0.093,3103024
CO,May-28,417814147,35148592,0.084,2582615
CO,Jun-28,385242136,31406903,0.082,2218084
CO,Jul-28,310656478,9223661,0.03,441951
CT,Aug-28,54641474,5567547,0.102,512951
CT,Sep-28,131729179,17456823,0.133,1712136
CT,Oct-28,150073755,10242899,0.068,929336
CT,Nov-28,158092481,11891808,0.075,1142510
CT,Dec-28,115619953,5844220,0.051,501516
CT,Jan-29,140747137,11511388,0.082,1037570
CT,Feb-29,116465199,10353842,0.089,988263
CT,Mar-29,115180155,10308064,0.089,981304
CT,Apr-29,95421852,7142610,0.075,669453
CT,May-29,78316775,8611816,0.11,859094
CT,Jun-29,80037045,10882317,0.136,1153125
CT,Jul-29,130547719,17608762,0.135,1777391
CT,Aug-29,164170106,17012667,0.104,1736473
CT,Sep-29,165026282,17869847,0.108,1942387
CT,Oct-29,160266050,16268906,0.102,1736006
CT,Nov-29,167673044,19610098,0.117,1919290
CT,Dec-29,136508300,11626147,0.085,1175694
CT,Jan-30,159997579,17029646,0.106,1855821
CT,Feb-30,126683869,13610074,0.107,1458730
CT,Mar-30,109421369,15271178,0.14,1645394
CT,Apr-30,91414677,9752058,0.107,961577
CT,May-30,91512897,11126316,0.122,1215313
DC,Jun-30,9723,-240,-0.025,-138
DC,Jul-30,223730,36985,0.165,21267
DC,Aug-30,743330,144019,0.194,81985
DC,Sep-30,11262442,1703416,0.151,302459
DC,Oct-30,15455160,1804299,0.117,417406
DC,Nov-30,18491984,3484946,0.188,712904
DC,Dec-30,17600534,3611200,0.205,780392
DC,Jan-31,16696995,2708653,0.162,654293
DC,Feb-31,15746168,2805493,0.178,714407
DC,Mar-31,15303079,1333019,0.087,418447
DC,Apr-31,15275215,1867034,0.122,526444
DC,May-31,10746937,2087240,0.194,463216
DC,Jun-31,13772411,2008091,0.146,503584
DC,Jul-31,19518408,2191486,0.112,465194
DC,Aug-31,12808239,1801748,0.141,385720
DC,Sep-31,12445312,1492901,0.12,294946
DC,Oct-31,20706483,3883674,0.188,671465
DC,Nov-31,26332228,1570660,0.06,460630
DC,Dec-31,21419454,4434922,0.207,954592
DC,Jan-32,19220227,1398706,0.073,456087
DC,Feb-32,18627789,1962256,0.105,648862
DC,Mar-32,19072856,740542,0.039,283248
DC,Apr-32,20432718,1365996,0.067,379705
DC,May-32,18379904,1431275,0.078,429384
DC,Jun-32,17234140,2016709,0.117,545785
DC,Jul-32,13760754,999645,0.073,311166
DC,Aug-32,11346178,1166210,0.103,333989
DC,Sep-32,13147645,1832685,0.139,448312
DC,Oct-32,19361047,3530497,0.182,847067
DC,Nov-32,24801500,3111718,0.125,709273
DC,Dec-32,21401682,2641693,0.123,664840
DC,Jan-33,18665909,2410628,0.129,619230
DC,Feb-33,20115254,1494441,0.074,559237
DC,Mar-33,14634828,1193982,0.082,416878
DC,Apr-33,18091768,2275690,0.126,636507
DC,May-33,14052054,1418907,0.101,484145
DC,Jun-33,12532899,2024803,0.162,540339
DC,Jul-33,11150333,484844,0.043,119300
DC,Aug-33,7655687,1377489,0.18,360509
DE,Sep-33,7003725,1000247,0.143,522962
DE,Oct-33,8214765,527115,0.064,275671
DE,Nov-33,8018354,983052,0.123,538543
DE,Dec-33,23257965,7807511,0.336,4703849
DE,Jan-34,21231427,2565957,0.121,1460148
DE,Feb-34,24206090,2505848,0.104,1155765
DE,Mar-34,23419539,5810007,0.248,3407848
DE,Apr-34,14130069,2687370,0.19,1516520
DE,May-34,8709205,-616941,-0.071,-483414
DE,Jun-34,10483128,1879045,0.179,982447
DE,Jul-34,6088183,703739,0.116,367524
DE,Aug-34,5920766,464335,0.078,242081
DE,Sep-34,6325464,533377,0.084,278491
DE,Oct-34,3920974,579897,0.148,303225
DE,Nov-34,4745747,586057,0.123,290170
DE,Dec-34,18781406,5979895,0.318,3558378
DE,Jan-35,16066023,4640776,0.289,2691088
DE,Feb-35,16850854,4235148,0.251,2463260
DE,Mar-35,20466561,4174862,0.204,2324290
DE,Apr-35,11187011,2527312,0.226,1386819
DE,May-35,7279650,-410665,-0.056,-367301
DE,Jun-35,3877068,653127,0.168,340952
DE,Jul-35,0,0,0,-104
DE,Aug-35,0,0,0,-15
DE,Sep-35,0,0,0,-33
DE,Oct-35,209282,13845,0.066,7040
DE,Nov-35,2957634,419561,0.142,220175
DE,Dec-35,12439302,2803022,0.225,1596046
DE,Jan-36,17086034,4945186,0.289,2877725
DE,Feb-36,19510093,8162861,0.418,5018419
DE,Mar-36,15696681,4408081,0.281,2645802
DE,Apr-36,15649254,3288405,0.21,1798838
DE,May-36,7519710,679021,0.09,313006
DE,Jun-36,6666115,1104859,0.166,577524
DE,Jul-36,5470520,1023199,0.187,534814
DE,Aug-36,7060911,775611,0.11,404929
DE,Sep-36,5958137,737984,0.124,385357
DE,Oct-36,4110581,724765,0.176,378599
DE,Nov-36,5251471,541621,0.103,269110
DE,Dec-36,13702755,4420661,0.323,2658149
DE,Jan-37,22238321,4635199,0.208,2625850
DE,Feb-37,13383727,6226325,0.465,3843342
DE,Mar-37,12638955,-972383,-0.077,-1088521
DE,Apr-37,12637103,2716347,0.215,1989974
DE,May-37,5436407,74297,0.014,15012
DE,Jun-37,5157583,631099,0.122,331496
DE,Jul-37,4200298,358171,0.085,188322
DE,Aug-37,5127275,565508,0.11,296948
DE,Sep-37,3507846,242316,0.069,127482
DE,Oct-37,2678686,438069,0.164,229305
DE,Nov-37,2902652,399945,0.138,226701
DE,Dec-37,8908981,2915961,0.327,2419632
DE,Jan-38,13545163,2597717,0.192,2084703
DE,Feb-38,10172819,1622874,0.16,1270575
DE,Mar-38,8157580,1428195,0.175,1196569
DE,Apr-38,8457660,1714167,0.203,1441653
DE,May-38,4120957,347890,0.084,190355
DE,Jun-38,3491183,622285,0.178,325556
DE,Jul-38,3450142,757951,0.22,239884
DE,Aug-38,2760829,276116,0.1,159433
DE,Sep-38,3128258,80201,0.026,45282
DE,Oct-38,2256345,739044,0.328,203984
IA,Nov-38,8576341,2161807,0.252,145922
IA,Dec-38,38545352,4959745,0.129,334783
IA,Jan-39,46500331,5658131,0.122,381924
IA,Feb-39,59344806,3599750,0.061,242983
IA,Mar-39,59258838,2904257,0.049,196037
IA,Apr-39,58027141,3232696,0.056,218349
IA,May-39,56920783,755334,0.013,50985
IA,Jun-39,19585711,1185888,0.061,80047
IA,Jul-39,1568497,150331,0.096,10147
IA,Aug-39,6976637,501062,0.072,33822
IA,Sep-39,12711201,620740,0.049,41900
IA,Oct-39,22859622,2244012,0.098,151471
IA,Nov-39,50313674,3003903,0.06,202763
IA,Dec-39,72397241,5167816,0.071,348828
IA,Jan-40,81902416,9080995,0.111,612967
IA,Feb-40,87169919,8144096,0.093,549726
IA,Mar-40,104815630,7537004,0.072,508748
IA,Apr-40,149524789,11343303,0.076,765673
IA,May-40,143615170,7708148,0.054,520300
IA,Jun-40,161439561,13454158,0.083,908156
IA,Jul-40,118355535,7725272,0.065,521456
IA,Aug-40,114882963,6133477,0.053,414010
IA,Sep-40,111176671,8424699,0.076,568667
IA,Oct-40,89960118,8112953,0.09,547624
IA,Nov-40,109149917,7327163,0.067,494584
IA,Dec-40,216116399,11135516,0.052,751647
IA,Jan-41,285532771,10840968,0.038,731765
IA,Feb-41,287436570,19935558,0.069,1345650
IA,Mar-41,266518049,13371197,0.05,902556
IA,Apr-41,303327688,14269557,0.047,963195
IA,May-41,215921313,8579100,0.04,579089
IA,Jun-41,233525474,14411046,0.062,972746
IA,Jul-41,177370317,12398243,0.07,836881
IA,Aug-41,147913284,12630387,0.085,852551
IA,Sep-41,122437950,6568678,0.054,443386
IA,Oct-41,108556796,11173191,0.103,754190
IA,Nov-41,122568313,14418923,0.118,973277
IA,Dec-41,200230741,25417557,0.127,1715685
IA,Jan-42,238788234,19137523,0.08,1291783
IA,Feb-42,247476284,5802261,0.023,391653
IA,Mar-42,229949570,20745524,0.09,1400323
IA,Apr-42,233619612,16543361,0.071,1116677
IA,May-42,193879638,11888706,0.061,802488
IA,Jun-42,232614150,19857112,0.085,1340355
IA,Jul-42,172589394,14127483,0.082,953605
IA,Aug-42,147715126,16632751,0.113,1122711
IA,Sep-42,115595593,7153370,0.062,482852
IA,Oct-42,109680895,10602043,0.097,715638
IL,Nov-42,997739,120054,0.12,12242
IL,Dec-42,0,-592,0,0
IL,Jan-43,0,0,0,0
IL,Feb-43,8281803,812901,0.098,59446
IL,Mar-43,52524612,4769184,0.091,585623
IL,Apr-43,140065649,7643489,0.055,1176754
IL,May-43,305223938,11754530,0.039,1107906
IL,Jun-43,434567103,46967823,0.108,6807284
IL,Jul-43,449239162,36974421,0.082,6618259
IL,Aug-43,491720536,28368846,0.058,3823629
IL,Sep-43,581553300,49365489,0.085,7670847
IL,Oct-43,509794592,30313913,0.059,5850897
IL,Nov-43,633614957,49884489,0.079,7141198
IL,Dec-43,537158723,41969306,0.078,7067989
IL,Jan-44,507279761,36554947,0.072,5854318
IL,Feb-44,476517310,48187782,0.101,7684748
IL,Mar-44,369134820,37292355,0.101,6058779
IL,Apr-44,400359760,32717934,0.082,4321832
IL,May-44,596455693,44579564,0.075,6450631
IL,Jun-44,840440434,48316644,0.057,8459764
IL,Jul-44,779853367,78227189,0.1,12693515
IL,Aug-44,789600347,36677207,0.046,5436663
IL,Sep-44,867505495,59343378,0.068,10687455
IL,Oct-44,679374199,31074381,0.046,5720366
IL,Nov-44,971278389,79421037,0.082,9758140
IL,Dec-44,839386882,68234791,0.081,11321487
IL,Jan-45,764591757,65214388,0.085,10838258
IL,Feb-45,628459522,40981475,0.065,6576948
IL,Mar-45,516414719,43849539,0.085,7392918
IL,Apr-45,564837409,64628599,0.114,7694847
IL,May-45,831805990,83533801,0.1,12559685
IL,Jun-45,1029560184,91569752,0.089,16350363
IL,Jul-45,1029615448,96937248,0.094,15581846
IL,Aug-45,1028471257,81407470,0.079,13186151
IL,Sep-45,1070033292,88552064,0.083,15410653
IL,Oct-45,875387789,63297910,0.072,10967295
IL,Nov-45,1072701361,107423414,0.1,15650984
IL,Dec-45,898571938,81311927,0.09,14429201
IL,Jan-46,821715719,91579820,0.111,14348947
IL,Feb-46,665770747,52288208,0.079,8862040
IN,Mar-46,35215418,8284862,0.235,813102
IN,Apr-46,91697395,10629476,0.116,1096160
IN,May-46,147276912,10593321,0.072,883363
IN,Jun-46,161806795,12069287,0.075,1139147
IN,Jul-46,171049250,12223222,0.071,1221796
IN,Aug-46,187186221,10381954,0.055,1053811
IN,Sep-46,74818801,5300191,0.071,522086
IN,Oct-46,26304128,1629555,0.062,148189
IN,Nov-46,37334940,3237031,0.087,302097
IN,Dec-46,29783582,2543803,0.085,277600
IN,Jan-47,70876622,4885514,0.069,644578
IN,Feb-47,169018238,12601820,0.075,934314
IN,Mar-47,207450106,11238265,0.054,1356952
IN,Apr-47,230932251,25094814,0.109,2005347
IN,May-47,251403994,25255641,0.1,2406175
IN,Jun-47,313112473,22003606,0.07,2292472
IN,Jul-47,348244676,31668178,0.091,2803021
IN,Aug-47,273893073,15867143,0.058,1610811
IN,Sep-47,316717762,27421008,0.087,2503311
IN,Oct-47,236403308,19690320,0.083,1907522
IN,Nov-47,254445226,18011339,0.071,1791053
IN,Dec-47,246321671,26748803,0.109,2420541
IN,Jan-48,194492669,17225036,0.089,1658052
IN,Feb-48,215636824,16704438,0.077,1571080
IN,Mar-48,355425184,33307106,0.094,3250964
IN,Apr-48,461131242,27838472,0.06,2597357
IN,May-48,463684739,47815377,0.103,4527177
IN,Jun-48,463015613,26007133,0.056,2448195
IN,Jul-48,500138648,29278177,0.059,3379560
IN,Aug-48,409109104,22396131,0.055,1611037
IN,Sep-48,476802783,32788454,0.069,3095106
IN,Oct-48,360023255,27634092,0.077,2722456
IN,Nov-48,308385687,31951466,0.104,2912607
IN,Dec-48,256307260,15653583,0.061,1497766
IN,Jan-49,206627688,20510071,0.099,1985587
IN,Feb-49,237990176,25978248,0.109,2417586
IN,Mar-49,382507090,50551749,0.132,4861450
IN,Apr-49,446248394,46393925,0.104,4458595
IN,May-49,452318954,40197276,0.089,3797331
IN,Jun-49,431423176,43555139,0.101,4058864
IN,Jul-49,427154794,35347154,0.083,3463540
IN,Aug-49,356187759,28076424,0.079,2629963
IN,Sep-49,433022775,43746469,0.101,4097409
IN,Oct-49,321404737,29349149,0.091,2794279
IN,Nov-49,283495510,33542239,0.118,3208916
IN,Dec-49,224070050,19036099,0.085,1848269
IN,Jan-50,203788074,23420740,0.115,2209488
KS,Feb-50,160527371,22014698,0.137,129618
KS,Mar-50,189919311,18582842,0.098,141088
KS,Apr-50,186353708,19073128,0.102,795784
KS,May-50,181977180,16835233,0.093,1026140
KS,Jun-50,206060734,15105189,0.073,598745
KS,Jul-50,194034469,-845377,-0.004,1134
KS,Aug-50,206287094,20975191,0.102,911159
KS,Sep-50,132981289,14636899,0.11,919720
KS,Oct-50,120323444,14550824,0.121,887390
KS,Nov-50,98125865,8195048,0.084,409425
KS,Dec-50,79715016,9644263,0.121,683176
LA,Jan-51,27871038,5685706,0.204,568571
LA,Feb-51,39517545,4380700,0.111,438070
LA,Mar-51,89757060,7992540,0.089,533259
LA,Apr-51,238413596,27316419,0.115,2421541
LA,May-51,232730341,30943063,0.133,3413595
LA,Jun-51,208255060,6140843,0.029,2573658
LA,Jul-51,171135819,25691302,0.15,2663220
LA,Aug-51,132438215,10891261,0.082,1424413
LA,Sep-51,118522225,20980159,0.177,2442246
LA,Oct-51,128251857,9587258,0.075,1775179
LA,Nov-51,203807226,33390478,0.164,4040335
LA,Dec-51,255805485,30774673,0.12,4308649
LA,Jan-52,268638967,-25318031,-0.094,4244196
LA,Feb-52,254753433,37290999,0.146,4365471
LA,Mar-52,282269901,35725850,0.127,3330035
LA,Apr-52,197709561,23295088,0.118,2554375
LA,May-52,249280628,32319508,0.13,3590725
LA,Jun-52,209746932,23414940,0.112,2945211
LA,Jul-52,195123855,29860212,0.153,3579595
LA,Aug-52,160083233,13981060,0.087,1697439
LA,Sep-52,134757491,18282477,0.136,2185154
MA,Oct-52,642630,-8227,-0.013,-1417
MA,Nov-52,24979240,1486743,0.06,213795
MA,Dec-52,584476649,48289185,0.083,9339417
MA,Jan-53,574829883,60281564,0.105,11799200
MA,Feb-53,457140440,62073252,0.136,12120399
MA,Mar-53,327303984,33000352,0.101,6433223
MA,Apr-53,296099657,30132777,0.102,5812041
MD,May-53,16552430,3170001,0.192,469297
MD,Jun-53,32530831,4375316,0.134,644098
MD,Jul-53,25526148,955377,0.037,134628
MD,Aug-53,31025892,3927573,0.127,577019
MD,Sep-53,26908845,2838501,0.105,415801
MD,Oct-53,23095542,3077031,0.133,452897
MD,Nov-53,19121331,1309834,0.069,189323
MD,Dec-53,15492757,2026548,0.131,298177
MD,Jan-54,18650802,3231851,0.173,477840
MD,Feb-54,31376072,6639776,0.212,984308
MD,Mar-54,39663586,5309436,0.134,781642
MD,Apr-54,219071374,30620539,0.14,704728
MD,May-54,497121656,85168804,0.171,440043
MD,Jun-54,441481779,59601405,0.135,2114613
MD,Jul-54,339421546,40214644,0.118,2796880
MD,Aug-54,385967195,47548313,0.123,5310057
MD,Sep-54,328454397,35644586,0.109,3864686
MD,Oct-54,320199671,42742217,0.133,4650711
MD,Nov-54,254476790,27077118,0.106,2835051
MD,Dec-54,247412348,28114521,0.114,3312633
MI,Jan-55,593956,105548,0.178,8866
MI,Feb-55,0,0,0,0
MI,Mar-55,0,0,0,0
MI,Apr-55,0,0,0,0
MI,May-55,0,0,0,0
MI,Jun-55,15744256,1977052,0.126,166072
MI,Jul-55,33503929,4376407,0.131,367618
MI,Aug-55,46120824,7596972,0.165,638146
MI,Sep-55,25080140,2337638,0.093,196362
MI,Oct-55,9720393,1883240,0.194,158192
MI,Nov-55,150849896,17423564,0.116,517022
MI,Dec-55,325569037,9395302,0.029,233294
MI,Jan-56,383691892,35238593,0.092,1111886
MI,Feb-56,274212630,21922961,0.08,629336
MI,Mar-56,257748035,21228714,0.082,1140664
MI,Apr-56,259504202,27244793,0.105,1638701
MI,May-56,206267088,20766255,0.101,1241237
MI,Jun-56,208565955,17536332,0.084,896007
MI,Jul-56,386780231,27135351,0.07,981126
MI,Aug-56,497565425,26947289,0.054,1129191
MI,Sep-56,500521376,58762835,0.117,2893243
MI,Oct-56,514630536,35920227,0.07,1201105
MI,Nov-56,532681710,36647758,0.069,2135046
MI,Dec-56,423768381,21633471,0.051,508254
MI,Jan-57,477967947,32445133,0.068,1466772
MI,Feb-57,396009819,32630491,0.082,1696097
MI,Mar-57,356130390,35920231,0.101,1992223
MI,Apr-57,292389429,15826610,0.054,567965
MI,May-57,224966256,22874582,0.102,1307287
MI,Jun-57,229797476,25654849,0.112,1490223
MI,Jul-57,383102602,50442748,0.132,2601351
MI,Aug-57,504336507,51362299,0.102,2972271
MI,Sep-57,498118043,42758230,0.086,2494635
MI,Oct-57,494820409,50450735,0.102,2827280
MI,Nov-57,490904822,33785629,0.069,1716686
MI,Dec-57,357161200,23134728,0.065,959332
MI,Jan-58,421666037,46016812,0.109,2900149
MI,Feb-58,338127853,36275215,0.107,2324351
MI,Mar-58,305275755,36125966,0.118,2152149
MI,Apr-58,235996767,17928415,0.076,825756
MI,May-58,208808123,22985461,0.11,1527305
MS,Jun-58,7696051,645057,0.084,77407
MS,Jul-58,31770270,5503793,0.173,660455
MS,Aug-58,32837334,1178343,0.036,141401
MS,Sep-58,44499883,1674250,0.038,200910
MS,Oct-58,41762048,6174224,0.148,740907
MS,Nov-58,35190774,2793238,0.079,335189
MS,Dec-58,25148135,2756439,0.11,330773
MS,Jan-59,32421264,4898726,0.151,587847
MS,Feb-59,19188763,2057834,0.107,246940
MS,Mar-59,17438288,1191967,0.068,143036
MS,Apr-59,15190666,1625113,0.107,195014
MS,May-59,13383383,1053776,0.079,126453
MS,Jun-59,19876370,2884348,0.145,346122
MS,Jul-59,37870989,5631583,0.149,675790
MS,Aug-59,48019481,12295357,0.256,1475443
MS,Sep-59,56369036,3784071,0.067,454088
MS,Oct-59,49076433,3478919,0.071,417470
MS,Nov-59,45190371,4637967,0.103,556556
MS,Dec-59,34462822,2105780,0.061,252694
MS,Jan-60,10749403,648647,0.06,77838
MS,Feb-60,0,0,0,0
MS,Mar-60,236503,87697,0.371,10524
MS,Apr-60,1575859,-62231,-0.039,-7468
MS,May-60,7916665,1335763,0.169,160292
MS,Jun-60,40489135,3748732,0.093,449848
MS,Jul-60,52220289,6598931,0.126,791872
MS,Aug-60,61192425,8769600,0.143,1052352
MS,Sep-60,54443370,8108102,0.149,972972
MS,Oct-60,55298807,7762542,0.14,931505
MS,Nov-60,67707628,9114483,0.135,1093738
MS,Dec-60,47807574,4606840,0.096,552821
MS,Jan-61,50546886,5237031,0.104,628444
MS,Feb-61,32917836,4300968,0.131,516116
MS,Mar-61,36125896,3888299,0.108,466596
MS,Apr-61,43099180,3194317,0.074,383318
MS,May-61,30659426,2887695,0.094,346523
MS,Jun-61,21436948,1886405,0.088,226369
MS,Jul-61,54835753,8846121,0.161,1061535
MS,Aug-61,83527015,9146353,0.11,1097562
MS,Sep-61,60582141,9520846,0.157,1142502
MS,Oct-61,56839743,3238730,0.057,388648
MS,Nov-61,66523295,6521389,0.098,782567
MS,Dec-61,40871618,1887995,0.046,226559
MS,Jan-62,47523073,3965723,0.083,475887
MS,Feb-62,35503585,4209290,0.119,505115
MS,Mar-62,29233786,4006359,0.137,480763
MS,Apr-62,25096238,2082091,0.083,249851
MS,May-62,18296341,2527212,0.138,303265
MS,Jun-62,21234898,2687465,0.127,322496
MS,Jul-62,43139311,8779943,0.204,1053593
MS,Aug-62,56199189,7687183,0.137,922462
MS,Sep-62,73605361,5087585,0.069,610510
MS,Oct-62,74358933,11297381,0.152,1355686
MS,Nov-62,57223251,5117380,0.089,614086
MS,Dec-62,39807504,3143541,0.079,377225
MS,Jan-63,46689392,4953171,0.106,594381
MS,Feb-63,31805004,4347138,0.137,521657
MS,Mar-63,26761691,3180953,0.119,381714
MS,Apr-63,20414902,1848676,0.091,221841
MS,May-63,17728739,2463671,0.139,295641
MT,Jun-63,8051,3130,0.389,1395
MT,Jul-63,434,-289,-0.666,-199
MT,Aug-63,113283,30502,0.269,11504
MT,Sep-63,346600,68714,0.198,20433
MT,Oct-63,1554924,170766,0.11,9164
MT,Nov-63,2606465,240986,0.092,-11797
MT,Dec-63,2452736,303394,0.124,34872
MT,Jan-64,2935271,491142,0.167,118569
MT,Feb-64,3184529,465183,0.146,88038
MT,Mar-64,5568187,594935,0.107,22870
MT,Apr-64,5142569,486975,0.095,-16369
MT,May-64,3863473,309201,0.08,-46288
MT,Jun-64,4411507,652401,0.148,126750
MT,Jul-64,3253865,501413,0.154,105616
MT,Aug-64,3981680,496740,0.125,59143
MT,Sep-64,3700999,385441,0.104,9205
MT,Oct-64,2629806,446624,0.17,110186
MT,Nov-64,3349655,475519,0.142,84332
MT,Dec-64,3023972,561587,0.186,155514
MT,Jan-65,4404020,568817,0.129,77049
MT,Feb-65,4531859,879240,0.194,255632
MT,Mar-65,4922327,642265,0.13,90020
MT,Apr-65,5117844,669464,0.131,94608
MT,May-65,3631705,705841,0.194,205602
MT,Jun-65,3981218,671606,0.169,164091
MT,Jul-65,3243425,389693,0.12,39210
MT,Aug-65,3236702,382130,0.118,35076
MT,Sep-65,2911455,274694,0.094,-9871
MT,Oct-65,2560000,274000,0.107,10800
MT,Nov-65,2975100,440591,0.148,85849
MT,Dec-65,4940321,975542,0.197,288906
MT,Jan-66,5319627,681222,0.128,89556
MT,Feb-66,5782523,777488,0.134,119541
MT,Mar-66,7218595,931178,0.129,125591
MT,Apr-66,7139581,979495,0.137,159322
MT,May-66,4366807,560668,0.128,74392
MT,Jun-66,5784045,925542,0.16,208283
MT,Jul-66,5201964,633005,0.122,67685
MT,Aug-66,4457829,666686,0.15,132542
MT,Sep-66,3353974,282263,0.084,-31881
MT,Oct-66,2587209,560046,0.216,180795
NH,Nov-66,360726,44759,0.124,19403
NH,Dec-66,16834974,1643793,0.098,713311
NH,Jan-67,22130928,1359395,0.061,613679
NH,Feb-67,8768769,818605,0.093,394229
NH,Mar-67,3774668,262393,0.07,126090
NH,Apr-67,7180450,424947,0.059,187743
NH,May-67,8138772,691103,0.085,313156
NH,Jun-67,11623208,1268688,0.109,602156
NH,Jul-67,27496050,1367516,0.05,607909
NH,Aug-67,41373620,2290364,0.055,990884
NH,Sep-67,47055486,4203875,0.089,2001597
NH,Oct-67,46523447,4770459,0.103,2323843
NH,Nov-67,51649897,4537653,0.088,2137406
NH,Dec-67,59795433,4197029,0.07,1886506
NH,Jan-68,50995349,1787930,0.035,769387
NH,Feb-68,55800096,4254732,0.076,1925260
NH,Mar-68,46700713,3302340,0.071,1480847
NH,Apr-68,42367380,3115230,0.074,1433622
NH,May-68,39268179,3869773,0.099,1797118
NH,Jun-68,36724166,3062545,0.083,1468578
NH,Jul-68,36319740,1594235,0.044,723016
NH,Aug-68,68123241,4420924,0.065,1887441
NH,Sep-68,98191306,5409196,0.055,2560651
NH,Oct-68,83168805,6172580,0.074,2926238
NH,Nov-68,86444639,2641046,0.031,1140937
NH,Dec-68,99540825,8029427,0.081,3875782
NH,Jan-69,70866282,1019098,0.014,458353
NH,Feb-69,78811441,5283248,0.067,2506863
NH,Mar-69,73149079,3436446,0.047,1514431
NH,Apr-69,76199157,5720931,0.075,2637599
NH,May-69,53567757,4819197,0.09,2216742
NH,Jun-69,42653152,4476145,0.105,2115043
NH,Jul-69,43372007,4199240,0.097,1927109
NH,Aug-69,78237751,7358206,0.094,3249389
NH,Sep-69,91345018,9078684,0.099,4482595
NH,Oct-69,93090530,4963601,0.053,2176120
NH,Nov-69,90894581,8330161,0.092,3809372
NH,Dec-69,97163182,12317536,0.127,5604577
NH,Jan-70,86999460,7112918,0.082,3238963
NH,Feb-70,103390747,4828031,0.047,2126879
NH,Mar-70,65083883,6670481,0.102,2997574
NH,Apr-70,52137614,7042469,0.135,3078160
NH,May-70,39307739,4372429,0.111,1944484
NH,Jun-70,36929342,3511866,0.095,1551250
NJ,Jul-70,16409619,3458668,0.211,337078
NJ,Aug-70,40682237,3845879,0.095,377015
NJ,Sep-70,95634048,9197827,0.096,1038072
NJ,Oct-70,183948404,23775812,0.129,2883518
NJ,Nov-70,260711301,11686117,0.045,1536283
NJ,Dec-70,330748563,21243867,0.064,2743339
NJ,Jan-71,319173548,20814223,0.065,2685956
NJ,Feb-71,385279662,18777582,0.049,2530315
NJ,Mar-71,320368087,12732738,0.04,1981251
NJ,Apr-71,372451342,31669387,0.085,4020740
NJ,May-71,313719562,21215748,0.068,2826247
NJ,Jun-71,318940677,15536384,0.049,2137480
NJ,Jul-71,273222975,9701926,0.036,1254851
NJ,Aug-71,251371272,17884790,0.071,2364941
NJ,Sep-71,293594862,25210342,0.086,3316918
NJ,Oct-71,445563503,37955171,0.085,5028107
NJ,Nov-71,487924504,46393537,0.095,6241133
NJ,Dec-71,562675543,32895546,0.058,4457889
NJ,Jan-72,557786161,29424884,0.053,4108749
NJ,Feb-72,540113452,53561626,0.099,7261470
NJ,Mar-72,494814107,17000928,0.034,2461238
NJ,Apr-72,181908529,13181101,0.072,1897069
NJ,May-72,54593092,2634050,0.048,390347
NJ,Jun-72,117821281,9912062,0.084,1427101
NJ,Jul-72,165014553,12639282,0.077,1811121
NJ,Aug-72,315118805,29551986,0.094,4041649
NJ,Sep-72,667979150,39507182,0.059,5413671
NJ,Oct-72,748037246,45127763,0.06,6169023
NJ,Nov-72,801196298,58403209,0.073,8166439
NJ,Dec-72,930367718,50410546,0.054,6851928
NJ,Jan-73,995567756,66301567,0.067,9091303
NJ,Feb-73,957353407,82209293,0.086,11341542
NJ,Mar-73,742849328,46222846,0.062,6367031
NJ,Apr-73,857732524,60624773,0.071,8495171
NJ,May-73,746810150,54711189,0.073,7452186
NJ,Jun-73,813517681,52826372,0.065,7405859
NJ,Jul-73,765665331,71134768,0.093,9620806
NJ,Aug-73,576917625,54800465,0.095,7591288
NJ,Sep-73,664675859,52023081,0.078,7329603
NJ,Oct-73,1011114311,82280645,0.081,11212782
NJ,Nov-73,1303198342,84311810,0.065,11661062
NJ,Dec-73,1258189436,114788726,0.091,16038097
NJ,Jan-74,1229561891,59047673,0.048,8221034
NJ,Feb-74,1348860083,60195902,0.045,8774160
NJ,Mar-74,985568313,30873369,0.031,4678782
NJ,Apr-74,1120904954,66404370,0.059,9068529
NJ,May-74,926946780,50345808,0.054,7055550
NJ,Jun-74,766412352,61594016,0.08,8773059
NJ,Jul-74,633184861,39245213,0.062,5404026
NJ,Aug-74,531888333,45007343,0.085,6386976
NJ,Sep-74,546774395,65272385,0.119,9138137
NJ,Oct-74,866719412,97981122,0.113,13352085
NJ,Nov-74,1060154535,77907041,0.073,10853450
NJ,Dec-74,1101622966,80426931,0.073,11497129
NJ,Jan-75,1055556994,87701471,0.083,12444016
NJ,Feb-75,1082233033,72330439,0.067,10345867
NJ,Mar-75,847405611,54621220,0.064,7808167
NJ,Apr-75,1025779225,93039999,0.091,13083369
NJ,May-75,833980925,72304036,0.087,10118510
NJ,Jun-75,778854263,82165404,0.105,11496202
NJ,Jul-75,591081897,66356838,0.112,9218174
NJ,Aug-75,587019749,61013433,0.104,8467678
NV,Sep-75,286282315,20172000,0.07,1361610
NV,Oct-75,245109818,4061000,0.017,274118
NV,Nov-75,247622046,12603000,0.051,850703
NV,Dec-75,571371045,56304000,0.099,3800520
NV,Jan-76,528086065,29547000,0.056,1994423
NV,Feb-76,580693817,27136000,0.047,1831680
NV,Mar-76,562133600,44106000,0.078,2977155
NV,Apr-76,496689151,14626000,0.029,987255
NV,May-76,458498365,35816000,0.078,2417580
NV,Jun-76,597045387,32523000,0.054,2195303
NV,Jul-76,328025447,21656000,0.066,1461780
NV,Aug-76,317511432,11267000,0.035,760523
NV,Sep-76,322050433,16588000,0.052,1119690
NV,Oct-76,235961371,10534000,0.045,711045
NV,Nov-76,287811624,18733000,0.065,1264478
NV,Dec-76,546193707,52069000,0.095,3514658
NV,Jan-77,543922446,47886000,0.088,3232305
NV,Feb-77,614070720,31012000,0.051,2093310
NV,Mar-77,571142557,36327000,0.064,2452073
NV,Apr-77,502279982,20152000,0.04,1360260
NV,May-77,491705606,38064000,0.077,2569320
NV,Jun-77,141108201,1455000,0.01,98213
NV,Jul-77,28131869,1334500,0.047,90079
NV,Aug-77,28131869,1334500,0.047,90079
NV,Sep-77,78152387,-483000,-0.006,-32602
NV,Oct-77,163552030,6295000,0.038,424913
NV,Nov-77,474948414,16985000,0.036,1146488
NV,Dec-77,575144025,32895000,0.057,2220413
NV,Jan-78,659899331,42388000,0.064,2861190
NV,Feb-78,609376849,61807000,0.101,4171973
NV,Mar-78,587056304,40573000,0.069,2738678
NV,Apr-78,646491632,52381000,0.081,3535718
NV,May-78,554058173,31846000,0.057,2149605
NV,Jun-78,640984932,39346000,0.061,2655855
NV,Jul-78,458251710,27210000,0.059,1836675
NV,Aug-78,477191062,27079000,0.057,1827833
NV,Sep-78,545367518,29186000,0.054,1970055
NV,Oct-78,409659756,33278000,0.081,2246265
NV,Nov-78,427425369,14342000,0.034,968085
NV,Dec-78,786508562,54205000,0.069,3658838
NV,Jan-79,1100712575,48312000,0.044,3261060
NV,Feb-79,1086010454,71971000,0.066,4858043
NV,Mar-79,1014986618,15960000,0.016,1077300
NV,Apr-79,1034818801,49997000,0.048,3374798
NV,May-79,780768853,30920000,0.04,2087100
NV,Jun-79,863283921,36926000,0.043,2492505
NV,Jul-79,582529725,25368000,0.044,1712340
NV,Aug-79,562000848,26999000,0.048,1822433
NV,Sep-79,490558644,23835000,0.049,1608863
NV,Oct-79,419372311,18591000,0.044,1254893
NV,Nov-79,408935554,16072000,0.039,1084860
NV,Dec-79,760891578,70629000,0.093,4767458
NV,Jan-80,968629230,56859000,0.059,3837983
NV,Feb-80,929046456,37671000,0.041,2542793
NV,Mar-80,880380248,55204000,0.063,3726270
NV,Apr-80,935792553,50440000,0.054,3404700
NV,May-80,659079542,41277000,0.063,2786198
NV,Jun-80,829842964,43851000,0.053,2959943
NV,Jul-80,580550628,30533000,0.053,2060978
NV,Aug-80,527205770,30064000,0.057,2029320
NV,Sep-80,479039381,9503000,0.02,641453
NY,Oct-80,1365470,349468,0.256,34947
NY,Nov-80,4647958,828152,0.178,82815
NY,Dec-80,13060944,2283864,0.175,228386
NY,Jan-81,14852615,2233227,0.15,223323
NY,Feb-81,17161294,1308295,0.076,130830
NY,Mar-81,16872506,780417,0.046,78042
NY,Apr-81,17169303,1943351,0.113,194335
NY,May-81,12872999,-179592,-0.014,-17959
NY,Jun-81,4186276,99514,0.024,9951
NY,Jul-81,0,0,0,0
NY,Aug-81,0,0,0,0
NY,Sep-81,0,0,0,0
NY,Oct-81,0,0,0,0
NY,Nov-81,0,0,0,0
NY,Dec-81,10092604,1403544,0.139,140354
NY,Jan-82,18107259,2623464,0.145,262346
NY,Feb-82,17096321,2619676,0.153,261968
NY,Mar-82,18584384,2258771,0.122,225877
NY,Apr-82,20942309,3569855,0.17,356986
NY,May-82,14018760,1153275,0.082,115327
NY,Jun-82,16529015,1845684,0.112,184568
NY,Jul-82,13537156,1322623,0.098,132262
NY,Aug-82,14145742,1590113,0.112,159011
NY,Sep-82,14239819,1858642,0.131,185864
NY,Oct-82,9338107,1273621,0.136,127362
NY,Nov-82,9153603,1080570,0.118,108057
NY,Dec-82,17355781,3187045,0.184,318704
NY,Jan-83,25567296,1718615,0.067,171861
NY,Feb-83,21519094,3956491,0.184,395649
NY,Mar-83,21129981,764615,0.036,76461
NY,Apr-83,1058862137,64825014,0.061,33195577
NY,May-83,1210678939,62361305,0.052,31903692
NY,Jun-83,1371402413,93373728,0.068,47344201
NY,Jul-83,1396791941,104535898,0.075,53151656
NY,Aug-83,1269862570,110418075,0.087,56055234
NY,Sep-83,1056694011,72441501,0.069,36936704
NY,Oct-83,804966381,73880416,0.092,37449978
NY,Nov-83,877407454,100760793,0.115,50912979
NY,Dec-83,1265553629,145039867,0.115,73270471
NY,Jan-84,1555051006,146845937,0.094,74403028
NY,Feb-84,1564144672,149244901,0.095,75695441
NY,Mar-84,1632469011,142969451,0.088,72422558
NY,Apr-84,1799048366,149886749,0.083,76253908
NY,May-84,1474299932,108470835,0.074,55242679
NY,Jun-84,1792885345,163582116,0.091,83117519
NY,Jul-84,1550014914,139265045,0.09,70842936
NY,Aug-84,1363794316,152643135,0.112,77571580
NY,Sep-84,1170989676,103956640,0.089,52965055
NY,Oct-84,966555215,105510883,0.109,53655339
OH,Nov-84,1114101739,209037382,0.188,20922360
OH,Dec-84,639795553,82879569,0.13,8306002
OH,Jan-85,738613175,95313123,0.129,9551057
OH,Feb-85,521703584,63819857,0.122,6405348
OH,Mar-85,447477360,57949810,0.13,5819482
OH,Apr-85,363066723,32598466,0.09,3276237
OR,May-85,5605244,220396,0.039,110198
OR,Jun-85,17115418,960713,0.056,480357
OR,Jul-85,22551454,1743231,0.077,871616
OR,Aug-85,21151594,1773805,0.084,886903
OR,Sep-85,20899824,1481198,0.071,740599
OR,Oct-85,9007678,937750,0.104,468875
OR,Nov-85,4430649,392769,0.089,196385
OR,Dec-85,7290190,598062,0.082,299031
OR,Jan-86,7921865,777904,0.098,388952
OR,Feb-86,14042424,1003039,0.071,501520
OR,Mar-86,25845402,1662406,0.064,831203
OR,Apr-86,26174305,1527244,0.058,763622
OR,May-86,29455226,2751146,0.093,1375573
OR,Jun-86,25039883,4116313,0.164,2058157
OR,Jul-86,26987301,3050783,0.113,1525392
OR,Aug-86,34935889,3872606,0.111,1936303
OR,Sep-86,29600150,2684776,0.091,1342388
OR,Oct-86,24054959,1374379,0.057,687190
OR,Nov-86,25323060,2729278,0.108,1364639
OR,Dec-86,27780213,2350289,0.085,1175145
OR,Jan-87,24903118,2841767,0.114,1420884
OR,Feb-87,18189572,2173573,0.119,1086787
OR,Mar-87,17686201,1063136,0.06,531568
OR,Apr-87,25070340,1259745,0.05,629873
OR,May-87,37639043,3022299,0.08,1511150
OR,Jun-87,32673216,4428659,0.136,2214330
OR,Jul-87,33743753,2597501,0.077,1298751
OR,Aug-87,42899736,2389280,0.056,1194640
OR,Sep-87,39458431,3335165,0.085,1667583
OR,Oct-87,36208012,3620610,0.1,1810305
OR,Nov-87,42936414,3824163,0.089,1912082
OR,Dec-87,41708882,5034037,0.121,2517019
OR,Jan-88,33966897,2548191,0.075,1274096
OR,Feb-88,28453425,2700257,0.095,1350129
OR,Mar-88,28196192,2707041,0.096,1353521
OR,Apr-88,39292036,5465182,0.139,2732591
OR,May-88,55555465,5783451,0.104,2891726
OR,Jun-88,55503997,6418578,0.116,3209289
OR,Jul-88,53806188,5693398,0.106,2846699
OR,Aug-88,62328292,7546964,0.121,3773482
OR,Sep-88,48425409,4261284,0.088,2130642
OR,Oct-88,50456710,6088343,0.121,3044172
PA,Nov-88,1414587,508997,0.36,183239
PA,Dec-88,16173090,2007592,0.124,722733
PA,Jan-89,32011839,2607215,0.081,938597
PA,Feb-89,31500742,1946817,0.062,700854
PA,Mar-89,44527575,5519340,0.124,1986962
PA,Apr-89,36769145,4221482,0.115,1519734
PA,May-89,35934215,2861852,0.08,1030267
PA,Jun-89,46334244,3126380,0.067,740455
PA,Jul-89,59331959,5074431,0.086,1026769
PA,Aug-89,109038051,9887738,0.091,2201406
PA,Sep-89,194504622,19334816,0.099,5359994
PA,Oct-89,241186066,19116777,0.079,5381370
PA,Nov-89,316468264,20570772,0.065,5299447
PA,Dec-89,342560389,17459091,0.051,4094813
PA,Jan-90,348381708,31580803,0.091,8222829
PA,Feb-90,329765782,11432097,0.035,1700011
PA,Mar-90,131330059,8606120,0.066,2480132
PA,Apr-90,46015988,3202680,0.07,1038049
PA,May-90,77510033,5918697,0.076,1738436
PA,Jun-90,89002562,7959790,0.089,2397657
PA,Jul-90,164782229,13651865,0.083,2933093
PA,Aug-90,364985422,27593677,0.076,6578667
PA,Sep-90,462787392,18278779,0.039,2257158
PA,Oct-90,525802524,47834647,0.091,13239693
PA,Nov-90,491910713,48500443,0.099,13446089
PA,Dec-90,548590065,45344348,0.083,12261434
PA,Jan-91,615294827,49305268,0.08,12229342
PA,Feb-91,509547820,33171120,0.065,5896731
PA,Mar-91,560259181,41029269,0.073,10566844
PA,Apr-91,479411021,36033727,0.075,9466734
PA,May-91,447465027,37419313,0.084,9988734
PA,Jun-91,420193377,42495332,0.101,12321187
PA,Jul-91,304415503,27482519,0.09,7148225
PA,Aug-91,348520369,25315958,0.073,6482608
PA,Sep-91,578760746,48113670,0.083,10171364
PA,Oct-91,776277954,42282405,0.054,8471814
PA,Nov-91,761574597,84921693,0.112,22920716
PA,Dec-91,750388696,37953474,0.051,6774396
PA,Jan-92,793722787,53403655,0.067,11581175
PA,Feb-92,597064049,22160553,0.037,-159425
PA,Mar-92,714976578,48512264,0.068,10944209
PA,Apr-92,572817741,49083331,0.086,12120141
PA,May-92,493350519,47828553,0.097,12603546
PA,Jun-92,393494222,22889554,0.058,4597039
PA,Jul-92,336507932,33226517,0.099,9160020
PA,Aug-92,363046972,42185145,0.116,12223188
PA,Sep-92,645242681,75319093,0.117,18078109
PA,Oct-92,797124732,61519576,0.077,14585047
PA,Nov-92,789230672,69997949,0.089,19037133
PA,Dec-92,754849873,71238770,0.094,19664738
PA,Jan-93,772289648,57982069,0.075,14130145
PA,Feb-93,599529429,62214502,0.104,15562864
PA,Mar-93,723545806,66465774,0.092,18232293
PA,Apr-93,572152803,51786464,0.091,13333004
PA,May-93,495585360,57533744,0.116,14797653
PA,Jun-93,373171415,33866725,0.091,8301627
PA,Jul-93,338450263,39406353,0.116,11552323
RI,Aug-93,682714,72997,0.107,37228
RI,Sep-93,13087999,957913,0.073,488536
RI,Oct-93,19051125,159978,0.008,81589
RI,Nov-93,20686618,-890623,-0.043,-454218
RI,Dec-93,23582716,1548230,0.066,789597
RI,Jan-94,16859818,1970110,0.117,1004756
RI,Feb-94,18900152,899165,0.048,458574
RI,Mar-94,14736667,2149999,0.146,1096499
RI,Apr-94,8321947,827579,0.099,422065
RI,May-94,10060066,851788,0.085,434412
RI,Jun-94,22195789,2516059,0.113,1283190
RI,Jul-94,28281025,2457137,0.087,1253140
RI,Aug-94,31465062,2745517,0.087,1400214
RI,Sep-94,31670511,2571755,0.081,1311595
RI,Oct-94,26939692,3279241,0.122,1672413
RI,Nov-94,28147862,2323432,0.083,1184950
RI,Dec-94,8949157,841767,0.094,429301
RI,Jan-95,591377,27381,0.046,13964
RI,Feb-95,1533114,163472,0.107,83371
RI,Mar-95,2032803,101328,0.05,51677
RI,Apr-95,6738626,351425,0.052,179227
RI,May-95,23116965,1423391,0.062,725929
RI,Jun-95,31293150,2352788,0.075,1199922
RI,Jul-95,34704413,4388841,0.126,2238309
RI,Aug-95,35098445,6281321,0.179,3203474
RI,Sep-95,22770472,2533090,0.111,1291876
RI,Oct-95,39817327,3717199,0.093,1895771
RI,Nov-95,34110104,1555824,0.046,793470
RI,Dec-95,38583919,3976140,0.103,2027831
RI,Jan-96,29040966,3168532,0.109,1615951
RI,Feb-96,28252139,2772910,0.098,1414184
RI,Mar-96,29468571,3666029,0.124,1869675
RI,Apr-96,22095960,3263276,0.148,1664271
RI,May-96,24042834,1129859,0.047,576228
RI,Jun-96,41203997,4012295,0.097,2046270
RI,Jul-96,60158844,3608570,0.06,1840371
RI,Aug-96,52747831,6703144,0.127,3418603
RI,Sep-96,54935498,1177717,0.021,600636
RI,Oct-96,58614487,5228277,0.089,2666421
RI,Nov-96,42143261,3566393,0.085,1818860
RI,Dec-96,45766958,3738223,0.082,1906494
RI,Jan-97,40186632,2632134,0.065,1342388
RI,Feb-97,41103489,2336733,0.057,1191734
RI,Mar-97,34229823,2352896,0.069,1199977
RI,Apr-97,25208531,2872076,0.114,1464759
RI,May-97,27744694,3000421,0.108,1530215
RI,Jun-97,41670257,6361823,0.153,3244530
RI,Jul-97,55527937,6156914,0.111,3140026
RI,Aug-97,61208319,4862856,0.079,2480057
RI,Sep-97,59205426,6189316,0.105,3156551
RI,Oct-97,62317384,5164799,0.083,2634047
RI,Nov-97,43065996,3612113,0.084,1842178
RI,Dec-97,41546643,3968567,0.096,2023969
RI,Jan-98,37496094,3009679,0.08,1534936
RI,Feb-98,30754497,3898405,0.127,1988187
RI,Mar-98,23723659,1783530,0.075,909600
SD,Apr-98,443365,71320,0.161,6419
SD,May-98,815037,98037,0.12,8823
SD,Jun-98,717775,74919,0.104,6743
SD,Jul-98,675312,10306,0.015,928
SD,Aug-98,835252,82291,0.099,7406
SD,Sep-98,685631,81367,0.119,7323
SD,Oct-98,975347,97643,0.1,8788
SD,Nov-98,368517,86938,0.236,7824
SD,Dec-98,307995,25102,0.082,2259
SD,Jan-99,301217,27869,0.093,2508
SD,Feb-99,259180,16143,0.062,1453
SD,Mar-99,266673,59053,0.221,5315
SD,Apr-99,711577,211612,0.297,19045
SD,May-99,862170,131749,0.153,11857
SD,Jun-99,861660,75856,0.088,6827
SD,Jul-99,757610,151374,0.2,13624
SD,Aug-99,910312,123365,0.136,11103
SD,Sep-99,717137,82853,0.116,7457
SD,Oct-99,923904,161368,0.175,14523
SD,Nov-99,493045,22503,0.046,2025
SD,Dec-99,528562,22536,0.043,2028
SD,Jan-00,417025,-9254,-0.022,-833
TN,Feb-00,131444523,13224908,0.101,2363918
TN,Mar-00,180900000,13900000,0.077,3080000
TN,Apr-00,211300000,20900000,0.099,4300000
TN,May-00,176300000,13000000,0.074,2600000
TN,Jun-00,205900000,18000000,0.087,3200000
TN,Jul-00,172400000,15500000,0.09,2800000
TN,Aug-00,160900000,15400000,0.096,2700000
TN,Sep-00,174500000,18300000,0.105,3200000
TN,Oct-00,144559000,15172000,0.105,2600000
TN,Nov-00,144500000,13200000,0.091,2000000
TN,Dec-00,257300000,25600000,0.099,3300000
TN,Jan-01,375300000,23300000,0.062,3400000
TN,Feb-01,365700000,36900000,0.101,5900000
TN,Mar-01,341800000,24600000,0.072,3300000
TN,Apr-01,386059756,36249453,0.094,5817504
TN,May-01,313298305,20945018,0.067,3026574
TN,Jun-01,370230004,26520468,0.072,4550242
TN,Jul-01,292796670,27142800,0.093,4649129
TN,Aug-01,261582468,27315928,0.104,4766458
TN,Sep-01,215774186,15855649,0.073,2559649
TN,Oct-01,182769323,18174226,0.099,3668804
TN,Nov-01,205863860,27200883,0.132,4875847
TN,Dec-01,336933437,46285200,0.137,8716963
TN,Jan-02,405337575,37295159,0.092,6989818
TN,Feb-02,439456908,47248222,0.108,9030021
TN,Mar-02,440445414,49176885,0.112,9401952
TN,Apr-02,410773606,41392586,0.101,7269600
TN,May-02,327326201,33943931,0.104,6380150
TN,Jun-02,392667304,45506700,0.116,8752898
TN,Jul-02,318416216,34257592,0.108,6435653
TN,Aug-02,279794996,37097192,0.133,7145077
TN,Sep-02,230337515,25526655,0.111,4635761
TN,Oct-02,214114055,22181055,0.104,3951411
VA,Nov-02,58896564,3586077,0.061,39710
VA,Dec-02,265778306,12238780,0.046,300594
VA,Jan-03,304066245,26573877,0.087,1183488
VA,Feb-03,236432524,19442317,0.082,1652147
VA,Mar-03,226963573,23173549,0.102,2381116
VA,Apr-03,234943435,22006296,0.094,2273995
VA,May-03,161901955,19965556,0.123,1864433
VA,Jun-03,182418252,17967427,0.098,1378540
VA,Jul-03,293851531,30929243,0.105,1557499
VA,Aug-03,427320306,30160385,0.071,1746204
VA,Sep-03,402621132,48337037,0.12,4233167
VA,Oct-03,426596891,31515015,0.074,1729130
VA,Nov-03,485544417,39050067,0.08,2876609
VA,Dec-03,401889135,27498133,0.068,1406280
VA,Jan-04,469484017,33700016,0.072,2116289
VA,Feb-04,399478366,36275264,0.091,3040327
VA,Mar-04,351452931,42537524,0.121,3896270
VA,Apr-04,295235271,25965182,0.088,1871961
VA,May-04,266001583,26024408,0.098,3060304
VA,Jun-04,284671331,36978897,0.13,4474132
VA,Jul-04,411273323,53821382,0.131,7257403
VA,Aug-04,528029938,51164199,0.097,6956643
VA,Sep-04,518818987,57531255,0.111,7782639
VA,Oct-04,503075150,50687278,0.101,7026829
VA,Nov-04,510982033,49393812,0.097,6368899
VA,Dec-04,433807108,39766908,0.092,4682125
VA,Jan-05,511614541,55258910,0.108,7413213
VA,Feb-05,425982859,45121878,0.106,5799965
VA,Mar-05,403719160,48144550,0.119,6285305
VA,Apr-05,325455052,32668024,0.1,3939701
WV,May-05,305192,196945,0.645,19695
WV,Jun-05,7333626,1967318,0.268,196732
WV,Jul-05,11147951,854974,0.077,85497
WV,Aug-05,13826231,1207363,0.087,120736
WV,Sep-05,15183234,2396963,0.158,239696
WV,Oct-05,19740035,1400944,0.071,140094
WV,Nov-05,16845338,228286,0.014,22829
WV,Dec-05,15088168,1818636,0.121,183773
WV,Jan-06,10978040,699185,0.064,69918
WV,Feb-06,9429073,719098,0.076,71910
WV,Mar-06,7925849,425216,0.054,42522
WV,Apr-06,6944761,694934,0.1,69493
WV,May-06,11563468,1536864,0.133,153686
WV,Jun-06,27508921,4119457,0.15,411946
WV,Jul-06,32833393,3197821,0.097,319782
WV,Aug-06,35268743,1884367,0.053,188437
WV,Sep-06,34159637,2709585,0.079,270959
WV,Oct-06,39140547,3035253,0.078,303525
WV,Nov-06,40914714,-397120,-0.01,-39712
WV,Dec-06,14901577,1118217,0.075,111822
WV,Jan-07,2465138,129540,0.053,12954
WV,Feb-07,5466523,576709,0.105,57671
WV,Mar-07,6147910,541070,0.088,54107
WV,Apr-07,15072228,1522249,0.101,152225
WV,May-07,45185356,2294328,0.051,229433
WV,Jun-07,67610819,4129595,0.061,412960
WV,Jul-07,49997860,3950324,0.079,395032
WV,Aug-07,52271787,4886566,0.093,488657
WV,Sep-07,61566896,5499992,0.089,549999
WV,Oct-07,57103775,4891256,0.086,489126
WV,Nov-07,38015260,1024272,0.027,102427
WV,Dec-07,45917290,4311297,0.094,431130
WV,Jan-08,28995033,2241951,0.077,224195
WV,Feb-08,28264642,2928370,0.104,292837
WV,Mar-08,28054400,3318278,0.118,331828
WV,Apr-08,21290275,2295743,0.108,229574
WV,May-08,26131251,2685271,0.103,268527
WV,Jun-08,52193627,6128575,0.117,612858
WV,Jul-08,68074615,3160579,0.046,316058
WV,Aug-08,88190136,6983136,0.079,698314
WV,Sep-08,64710557,5159229,0.08,515923
WV,Oct-08,65125042,4528101,0.07,452810
WV,Nov-08,48476816,1904490,0.039,190449
WV,Dec-08,55672438,3117541,0.056,311754
WV,Jan-09,38655331,3067780,0.079,306778
WV,Feb-09,40439679,3748227,0.093,374823
WV,Mar-09,30145409,2066930,0.069,206693
WV,Apr-09,25769135,2706044,0.105,270604
WV,May-09,28553358,3455974,0.121,345597
WV,Jun-09,49859709,7217919,0.145,721792
WV,Jul-09,56968266,5427011,0.095,542701
WV,Aug-09,72947153,5521747,0.076,552175
WV,Sep-09,58705514,8060617,0.137,806062
WV,Oct-09,49384637,4019360,0.081,401936
WV,Nov-09,39740983,2726640,0.069,272664
WV,Dec-09,45538667,4469377,0.098,446938
WV,Jan-10,40827987,3107176,0.076,310718
WV,Feb-10,35140816,3849531,0.11,384953
WV,Mar-10,23695286,2053727,0.087,205373
WV,Apr-10,22301062,2719702,0.122,271970
WY,May-10,6242469,954416,0.153,-12398
WY,Jun-10,10847657,881200,0.081,16021
WY,Jul-10,10973008,1363696,0.124,86499
WY,Aug-10,12285012,813504,0.066,21792
WY,Sep-10,13977632,1098460,0.079,46565
WY,Oct-10,10301603,722631,0.07,18824
WY,Nov-10,12704938,1104236,0.087,44806
WY,Dec-10,9995920,1007796,0.101,51187
WY,Jan-11,9340833,1011714,0.108,53163
WY,Feb-11,7322852,673269,0.092,38036
WY,Mar-11,7246352,680740,0.094,38365
WY,Apr-11,10990904,1237815,0.113,85672
WY,May-11,13575173,1932519,0.142,115550
WY,Jun-11,17275317,2039620,0.118,115893
WY,Jul-11,16702867,1478158,0.088,100009
WY,Aug-11,15087739,1803272,0.12,135101
WY,Sep-11,14339351,1587273,0.111,94081
WY,Oct-11,11591163,1106141,0.095,54296
WY,Nov-11,14777639,1837412,0.124,130677
WY,Dec-11,12623675,1264212,0.1,82848
WY,Jan-12,12778371,1306929,0.102,81448
WY,Feb-12,9483450,775389,0.082,37705
