,state,state_abbr,date,handle,revenue,hold,taxes
0,Arkansas,AR,2019-07-01,"$416,160.00","$76,885.00",18.50%,"$9,995.00"
1,Arkansas,AR,2019-08-01,"$778,249.00","$58,858.00",7.60%,"$7,652.00"
2,Arkansas,AR,2019-09-01,"$2,252,196.00","$183,044.00",8.10%,"$23,796.00"
3,Arkansas,AR,2019-10-01,"$2,216,369.00","$380,006.00",17.10%,"$49,401.00"
4,Arkansas,AR,2019-11-01,"$2,978,235.00","$181,497.00",6.10%,"$23,595.00"
5,Arkansas,AR,2019-12-01,"$2,633,806.00","$455,368.00",17.30%,"$59,198.00"
6,Arkansas,AR,2020-01-01,"$2,587,732.00","$254,811.00",9.80%,"$33,263.00"
7,Arkansas,AR,2020-02-01,"$4,294,366.00","$411,589.00",9.60%,"$67,494.00"
8,Arkansas,AR,2020-03-01,"$1,588,403.00","$222,373.00",14.00%,"$38,310.00"
9,Arkansas,AR,2020-04-01,$0.00,$0.00,0.00%,$0.00
10,Arkansas,AR,2020-05-01,$509.00,$-115.00,-22.60%,$-15.00
11,Arkansas,AR,2020-06-01,"$1,189.00",$10.00,0.80%,$1.00
12,Arkansas,AR,2020-07-01,"$179,315.00","$-19,633.00",-10.90%,"$-2,552.00"
13,Arkansas,AR,2020-08-01,"$1,008,992.00","$69,625.00",6.90%,"$9,051.00"
14,Arkansas,AR,2020-09-01,"$3,958,748.00","$397,095.00",10.00%,"$51,622.00"
15,Arkansas,AR,2020-10-01,"$6,559,859.00","$940,513.00",14.30%,"$122,267.00"
16,Arkansas,AR,2020-11-01,"$6,288,249.00","$975,984.00",15.50%,"$126,878.00"
17,Arkansas,AR,2020-12-01,"$6,415,446.00","$1,054,273.00",16.40%,"$137,055.00"
18,Arkansas,AR,2021-01-01,"$7,187,194.00","$1,383,240.00",19.20%,"$180,474.00"
19,Arkansas,AR,2021-02-01,"$4,469,442.00","$651,239.00",14.60%,"$92,922.00"
20,Arkansas,AR,2021-03-01,"$5,947,427.00","$805,182.00",13.50%,"$130,877.00"
21,Arkansas,AR,2021-04-01,"$4,065,703.00","$756,328.00",18.60%,"$131,137.00"
22,Arkansas,AR,2021-05-01,"$3,687,207.00","$506,142.00",13.70%,"$81,710.00"
23,Arkansas,AR,2021-06-01,"$3,895,683.00","$382,940.00",9.80%,"$59,088.00"
24,Arkansas,AR,2021-07-01,"$2,908,833.00","$449,040.00",15.40%,"$58,375.00"
25,Arkansas,AR,2021-08-01,"$2,892,285.00","$310,481.00",10.70%,"$40,363.00"
26,Arkansas,AR,2021-09-01,"$7,007,774.00","$809,404.00",11.60%,"$105,223.00"
27,Arkansas,AR,2021-10-01,"$9,506,183.00","$803,567.00",8.50%,"$104,464.00"
28,Arkansas,AR,2021-11-01,"$8,380,191.00","$1,623,434.00",19.40%,"$211,047.00"
29,Arkansas,AR,2021-12-01,"$7,794,292.00","$130,305.00",1.70%,"$6,188.00"
30,Arkansas,AR,2022-01-01,"$8,775,932.00","$1,181,335.00",13.50%,"$153,574.00"
31,Arkansas,AR,2022-02-01,"$5,876,444.00","$359,103.00",6.10%,"$61,390.00"
32,Arkansas,AR,2022-03-01,"$10,686,501.00","$791,867.00",7.40%,"$119,671.00"
33,Arkansas,AR,2022-04-01,"$8,598,226.00","$749,810.00",8.70%,"$120,297.00"
34,Arkansas,AR,2022-05-01,"$10,185,647.00","$615,576.00",6.00%,"$117,426.00"
35,Arkansas,AR,2022-06-01,"$12,632,207.00","$4,045.00",0.00%,"$12,598.00"
36,Arkansas,AR,2022-07-01,"$9,290,467.00","$854,436.00",9.20%,"$111,077.00"
37,Arkansas,AR,2022-08-01,"$10,195,911.00","$1,015,339.00",10.00%,"$131,994.00"
38,Arkansas,AR,2022-09-01,"$21,185,547.00","$3,208,032.00",15.10%,"$417,044.00"
39,Arkansas,AR,2022-10-01,"$26,879,107.00","$2,793,719.00",10.40%,"$363,183.00"
40,Arkansas,AR,2022-11-01,"$30,576,009.00","$2,999,450.00",9.80%,"$452,393.00"
41,Arkansas,AR,2022-12-01,"$30,936,485.00","$3,409,972.00",11.00%,"$449,690.00"
42,Arkansas,AR,2023-01-01,"$32,976,264.00","$2,868,244.00",8.70%,"$439,379.00"
43,Arkansas,AR,2023-02-01,"$29,532,263.00","$1,709,714.00",5.80%,"$254,925.00"
44,Arkansas,AR,2023-03-01,"$37,474,412.00","$4,264,047.00",11.40%,"$626,042.00"
45,Arkansas,AR,2023-04-01,"$25,452,659.00","$2,336,023.00",9.20%,"$349,633.00"
46,Arkansas,AR,2023-05-01,"$22,777,209.00","$2,293,281.00",10.10%,"$458,656.00"
47,Arkansas,AR,2023-06-01,"$22,708,945.00","$1,334,973.00",5.90%,"$266,995.00"
48,Arkansas,AR,2023-07-01,"$17,577,626.00","$2,077,422.00",11.80%,"$270,065.00"
49,Arizona,AZ,2021-09-01,"$291,212,868.00","$32,308,342.00",11.10%,"$31,393.00"
50,Arizona,AZ,2021-10-01,"$486,097,352.00","$37,510,371.00",7.70%,"$1,022,841.00"
51,Arizona,AZ,2021-11-01,"$466,725,687.00","$51,416,143.00",11.00%,"$3,177,148.00"
52,Arizona,AZ,2021-12-01,"$499,213,733.00","$39,822,928.00",8.00%,"$1,723,902.00"
53,Arizona,AZ,2022-01-01,"$563,694,591.00","$41,890,200.00",7.40%,"$1,952,971.00"
54,Arizona,AZ,2022-02-01,"$491,665,554.00","$25,629,835.00",5.20%,"$670,686.00"
55,Arizona,AZ,2022-03-01,"$690,979,294.00","$38,898,393.00",5.60%,"$1,864,457.00"
56,Arizona,AZ,2022-04-01,"$512,877,848.00","$30,441,992.00",5.90%,"$1,647,450.00"
57,Arizona,AZ,2022-05-01,"$461,450,688.00","$56,193,286.00",12.20%,"$4,125,125.00"
58,Arizona,AZ,2022-06-01,"$318,774,198.00","$12,601,356.00",4.00%,"$766,831.00"
59,Arizona,AZ,2022-07-01,"$290,511,533.00","$22,684,581.00",7.80%,"$1,496,427.00"
60,Arizona,AZ,2022-08-01,"$361,008,835.00","$37,161,759.00",10.30%,"$2,767,590.00"
61,Arizona,AZ,2022-09-01,"$537,966,149.00","$56,428,816.00",10.50%,"$3,058,838.00"
62,Arizona,AZ,2022-10-01,"$618,570,296.00","$49,392,417.00",8.00%,"$2,963,716.00"
63,Arizona,AZ,2022-11-01,"$616,855,045.00","$56,028,195.00",9.10%,"$3,876,208.00"
64,Arizona,AZ,2022-12-01,"$572,490,899.00","$55,581,725.00",9.70%,"$3,724,395.00"
65,Arizona,AZ,2023-01-01,"$591,220,794.00","$47,486,817.00",8.00%,"$2,886,502.00"
66,Arizona,AZ,2023-02-01,"$609,278,096.00","$35,412,452.00",5.80%,"$1,609,581.00"
67,Arizona,AZ,2023-03-01,"$644,763,991.00","$53,523,947.00",8.30%,"$3,704,268.00"
68,Arizona,AZ,2023-04-01,"$535,712,027.00","$49,163,323.00",9.20%,"$3,429,846.00"
69,Arizona,AZ,2023-05-01,"$451,717,025.00","$49,458,507.00",10.90%,"$3,376,059.00"
70,Arizona,AZ,2023-06-01,"$393,198,858.00","$28,331,608.00",7.20%,"$1,633,356.00"
71,Colorado,CO,2020-05-01,"$25,621,762.00","$2,565,729.00",10.00%,"$96,538.00"
72,Colorado,CO,2020-06-01,"$38,136,949.00","$3,484,015.00",9.10%,"$217,945.00"
73,Colorado,CO,2020-07-01,"$59,183,620.00","$5,196,599.00",8.80%,"$241,731.00"
74,Colorado,CO,2020-08-01,"$128,646,209.00","$7,519,599.00",5.80%,"$189,326.00"
75,Colorado,CO,2020-09-01,"$207,655,943.00","$4,166,334.00",2.00%,"$69,772.00"
76,Colorado,CO,2020-10-01,"$210,719,821.00","$17,402,409.00",8.30%,"$824,700.00"
77,Colorado,CO,2020-11-01,"$231,238,842.00","$18,354,655.00",7.90%,"$793,820.00"
78,Colorado,CO,2020-12-01,"$284,551,472.00","$17,151,867.00",6.00%,"$531,490.00"
79,Colorado,CO,2021-01-01,"$326,903,462.00","$23,144,535.00",7.10%,"$1,195,774.00"
80,Colorado,CO,2021-02-01,"$266,549,207.00","$10,444,810.00",3.90%,"$332,227.00"
81,Colorado,CO,2021-03-01,"$300,990,842.00","$20,365,119.00",6.80%,"$1,060,854.00"
82,Colorado,CO,2021-04-01,"$244,446,760.00","$17,563,939.00",7.20%,"$1,082,611.00"
83,Colorado,CO,2021-05-01,"$248,968,193.00","$15,129,108.00",6.10%,"$633,896.00"
84,Colorado,CO,2021-06-01,"$229,764,688.00","$19,730,957.00",8.60%,"$1,186,455.00"
85,Colorado,CO,2021-07-01,"$181,327,995.00","$15,652,461.00",8.60%,"$999,111.00"
86,Colorado,CO,2021-08-01,"$211,918,185.00","$15,228,343.00",7.20%,"$728,518.00"
87,Colorado,CO,2021-09-01,"$408,314,625.00","$22,658,630.00",5.50%,"$483,048.00"
88,Colorado,CO,2021-10-01,"$491,453,342.00","$28,616,708.00",5.80%,"$1,246,804.00"
89,Colorado,CO,2021-11-01,"$475,441,229.00","$36,781,848.00",7.70%,"$1,981,640.00"
90,Colorado,CO,2021-12-01,"$461,448,574.00","$24,732,487.00",5.40%,"$770,561.00"
91,Colorado,CO,2022-01-01,"$573,720,213.00","$34,640,219.00",6.00%,"$1,447,952.00"
92,Colorado,CO,2022-02-01,"$440,508,421.00","$19,604,490.00",4.50%,"$314,731.00"
93,Colorado,CO,2022-03-01,"$505,611,080.00","$28,238,194.00",5.60%,"$1,313,076.00"
94,Colorado,CO,2022-04-01,"$392,311,737.00","$22,571,887.00",5.80%,"$1,231,742.00"
95,Colorado,CO,2022-05-01,"$360,325,438.00","$27,119,329.00",7.50%,"$1,659,189.00"
96,Colorado,CO,2022-06-01,"$313,215,081.00","$6,781,092.00",2.20%,"$268,280.00"
97,Colorado,CO,2022-07-01,"$258,414,808.00","$20,802,881.00",8.10%,"$1,092,182.00"
98,Colorado,CO,2022-08-01,"$290,107,970.00","$25,859,270.00",8.90%,"$1,822,272.00"
99,Colorado,CO,2022-09-01,"$450,232,597.00","$51,339,659.00",11.40%,"$2,989,342.00"
100,Colorado,CO,2022-10-01,"$526,619,777.00","$36,514,974.00",6.90%,"$2,330,705.00"
101,Colorado,CO,2022-11-01,"$552,603,013.00","$37,569,022.00",6.80%,"$2,581,533.00"
102,Colorado,CO,2022-12-01,"$518,088,768.00","$40,909,238.00",7.90%,"$2,583,711.00"
103,Colorado,CO,2023-01-01,"$547,189,025.00","$35,482,562.00",6.50%,"$2,586,457.00"
104,Colorado,CO,2023-02-01,"$425,142,877.00","$22,599,602.00",5.30%,"$1,257,332.00"
105,Colorado,CO,2023-03-01,"$494,440,210.00","$45,935,669.00",9.30%,"$3,103,024.00"
106,Colorado,CO,2023-04-01,"$417,814,147.00","$35,148,592.00",8.40%,"$2,582,615.00"
107,Colorado,CO,2023-05-01,"$385,242,136.00","$31,406,903.00",8.20%,"$2,218,084.00"
108,Colorado,CO,2023-06-01,"$310,656,478.00","$9,223,661.00",3.00%,"$441,951.00"
109,Connecticut,CT,2021-10-01,"$54,641,474.00","$5,567,547.00",10.20%,"$512,951.00"
110,Connecticut,CT,2021-11-01,"$131,729,179.00","$17,456,823.00",13.30%,"$1,712,136.00"
111,Connecticut,CT,2021-12-01,"$150,073,755.00","$10,242,899.00",6.80%,"$929,336.00"
112,Connecticut,CT,2022-01-01,"$158,092,481.00","$11,891,808.00",7.50%,"$1,142,510.00"
113,Connecticut,CT,2022-02-01,"$115,619,953.00","$5,844,220.00",5.10%,"$501,516.00"
114,Connecticut,CT,2022-03-01,"$140,747,137.00","$11,511,388.00",8.20%,"$1,037,570.00"
115,Connecticut,CT,2022-04-01,"$116,465,199.00","$10,353,842.00",8.90%,"$988,263.00"
116,Connecticut,CT,2022-05-01,"$115,180,155.00","$10,308,064.00",8.90%,"$981,304.00"
117,Connecticut,CT,2022-06-01,"$95,421,852.00","$7,142,610.00",7.50%,"$669,453.00"
118,Connecticut,CT,2022-07-01,"$78,316,775.00","$8,611,816.00",11.00%,"$859,094.00"
119,Connecticut,CT,2022-08-01,"$80,037,045.00","$10,882,317.00",13.60%,"$1,153,125.00"
120,Connecticut,CT,2022-09-01,"$130,547,719.00","$17,608,762.00",13.50%,"$1,777,391.00"
121,Connecticut,CT,2022-10-01,"$164,170,106.00","$17,012,667.00",10.40%,"$1,736,473.00"
122,Connecticut,CT,2022-11-01,"$165,026,282.00","$17,869,847.00",10.80%,"$1,942,387.00"
123,Connecticut,CT,2022-12-01,"$160,266,050.00","$16,268,906.00",10.20%,"$1,736,006.00"
124,Connecticut,CT,2023-01-01,"$167,673,044.00","$19,610,098.00",11.70%,"$1,919,290.00"
125,Connecticut,CT,2023-02-01,"$136,508,300.00","$11,626,147.00",8.50%,"$1,175,694.00"
126,Connecticut,CT,2023-03-01,"$159,997,579.00","$17,029,646.00",10.60%,"$1,855,821.00"
127,Connecticut,CT,2023-04-01,"$126,683,869.00","$13,610,074.00",10.70%,"$1,458,730.00"
128,Connecticut,CT,2023-05-01,"$109,421,369.00","$15,271,178.00",14.00%,"$1,645,394.00"
129,Connecticut,CT,2023-06-01,"$91,414,677.00","$9,752,058.00",10.70%,"$961,577.00"
130,Connecticut,CT,2023-07-01,"$91,512,897.00","$11,126,316.00",12.20%,"$1,215,313.00"
131,District of Columbia,DC,2020-05-01,"$9,723.00",$-240.00,-2.50%,$-138.00
132,District of Columbia,DC,2020-06-01,"$223,730.00","$36,985.00",16.50%,"$21,267.00"
133,District of Columbia,DC,2020-07-01,"$743,330.00","$144,019.00",19.40%,"$81,985.00"
134,District of Columbia,DC,2020-08-01,"$11,262,442.00","$1,703,416.00",15.10%,"$302,459.00"
135,District of Columbia,DC,2020-09-01,"$15,455,160.00","$1,804,299.00",11.70%,"$417,406.00"
136,District of Columbia,DC,2020-10-01,"$18,491,984.00","$3,484,946.00",18.80%,"$712,904.00"
137,District of Columbia,DC,2020-11-01,"$17,600,534.00","$3,611,200.00",20.50%,"$780,392.00"
138,District of Columbia,DC,2020-12-01,"$16,696,995.00","$2,708,653.00",16.20%,"$654,293.00"
139,District of Columbia,DC,2021-01-01,"$15,746,168.00","$2,805,493.00",17.80%,"$714,407.00"
140,District of Columbia,DC,2021-02-01,"$15,303,079.00","$1,333,019.00",8.70%,"$418,447.00"
141,District of Columbia,DC,2021-03-01,"$15,275,215.00","$1,867,034.00",12.20%,"$526,444.00"
142,District of Columbia,DC,2021-04-01,"$10,746,937.00","$2,087,240.00",19.40%,"$463,216.00"
143,District of Columbia,DC,2021-05-01,"$13,772,411.00","$2,008,091.00",14.60%,"$503,584.00"
144,District of Columbia,DC,2021-06-01,"$19,518,408.00","$2,191,486.00",11.20%,"$465,194.00"
145,District of Columbia,DC,2021-07-01,"$12,808,239.00","$1,801,748.00",14.10%,"$385,720.00"
146,District of Columbia,DC,2021-08-01,"$12,445,312.00","$1,492,901.00",12.00%,"$294,946.00"
147,District of Columbia,DC,2021-09-01,"$20,706,483.00","$3,883,674.00",18.80%,"$671,465.00"
148,District of Columbia,DC,2021-10-01,"$26,332,228.00","$1,570,660.00",6.00%,"$460,630.00"
149,District of Columbia,DC,2021-11-01,"$21,419,454.00","$4,434,922.00",20.70%,"$954,592.00"
150,District of Columbia,DC,2021-12-01,"$19,220,227.00","$1,398,706.00",7.30%,"$456,087.00"
151,District of Columbia,DC,2022-01-01,"$18,627,789.00","$1,962,256.00",10.50%,"$648,862.00"
152,District of Columbia,DC,2022-02-01,"$19,072,856.00","$740,542.00",3.90%,"$283,248.00"
153,District of Columbia,DC,2022-03-01,"$20,432,718.00","$1,365,996.00",6.70%,"$379,705.00"
154,District of Columbia,DC,2022-04-01,"$18,379,904.00","$1,431,275.00",7.80%,"$429,384.00"
155,District of Columbia,DC,2022-05-01,"$17,234,140.00","$2,016,709.00",11.70%,"$545,785.00"
156,District of Columbia,DC,2022-06-01,"$13,760,754.00","$999,645.00",7.30%,"$311,166.00"
157,District of Columbia,DC,2022-07-01,"$11,346,178.00","$1,166,210.00",10.30%,"$333,989.00"
158,District of Columbia,DC,2022-08-01,"$13,147,645.00","$1,832,685.00",13.90%,"$448,312.00"
159,District of Columbia,DC,2022-09-01,"$19,361,047.00","$3,530,497.00",18.20%,"$847,067.00"
160,District of Columbia,DC,2022-10-01,"$24,801,500.00","$3,111,718.00",12.50%,"$709,273.00"
161,District of Columbia,DC,2022-11-01,"$21,401,682.00","$2,641,693.00",12.30%,"$664,840.00"
162,District of Columbia,DC,2022-12-01,"$18,665,909.00","$2,410,628.00",12.90%,"$619,230.00"
163,District of Columbia,DC,2023-01-01,"$20,115,254.00","$1,494,441.00",7.40%,"$559,237.00"
164,District of Columbia,DC,2023-02-01,"$14,634,828.00","$1,193,982.00",8.20%,"$416,878.00"
165,District of Columbia,DC,2023-03-01,"$18,091,768.00","$2,275,690.00",12.60%,"$636,507.00"
166,District of Columbia,DC,2023-04-01,"$14,052,054.00","$1,418,907.00",10.10%,"$484,145.00"
167,District of Columbia,DC,2023-05-01,"$12,532,899.00","$2,024,803.00",16.20%,"$540,339.00"
168,District of Columbia,DC,2023-06-01,"$11,150,333.00","$484,844.00",4.30%,"$119,300.00"
169,District of Columbia,DC,2023-07-01,"$7,655,687.00","$1,377,489.00",18.00%,"$360,509.00"
170,Delaware,DE,2018-06-01,"$7,003,725.00","$1,000,247.00",14.30%,"$522,962.00"
171,Delaware,DE,2018-07-01,"$8,214,765.00","$527,115.00",6.40%,"$275,671.00"
172,Delaware,DE,2018-08-01,"$8,018,354.00","$983,052.00",12.30%,"$538,543.00"
173,Delaware,DE,2018-09-01,"$23,257,965.00","$7,807,511.00",33.60%,"$4,703,849.00"
174,Delaware,DE,2018-10-01,"$21,231,427.00","$2,565,957.00",12.10%,"$1,460,148.00"
175,Delaware,DE,2018-11-01,"$24,206,090.00","$2,505,848.00",10.40%,"$1,155,765.00"
176,Delaware,DE,2018-12-01,"$23,419,539.00","$5,810,007.00",24.80%,"$3,407,848.00"
177,Delaware,DE,2019-01-01,"$14,130,069.00","$2,687,370.00",19.00%,"$1,516,520.00"
178,Delaware,DE,2019-02-01,"$8,709,205.00","$-616,941.00",-7.10%,"$-483,414.00"
179,Delaware,DE,2019-03-01,"$10,483,128.00","$1,879,045.00",17.90%,"$982,447.00"
180,Delaware,DE,2019-04-01,"$6,088,183.00","$703,739.00",11.60%,"$367,524.00"
181,Delaware,DE,2019-05-01,"$5,920,766.00","$464,335.00",7.80%,"$242,081.00"
182,Delaware,DE,2019-06-01,"$6,325,464.00","$533,377.00",8.40%,"$278,491.00"
183,Delaware,DE,2019-07-01,"$3,920,974.00","$579,897.00",14.80%,"$303,225.00"
184,Delaware,DE,2019-08-01,"$4,745,747.00","$586,057.00",12.30%,"$290,170.00"
185,Delaware,DE,2019-09-01,"$18,781,406.00","$5,979,895.00",31.80%,"$3,558,378.00"
186,Delaware,DE,2019-10-01,"$16,066,023.00","$4,640,776.00",28.90%,"$2,691,088.00"
187,Delaware,DE,2019-11-01,"$16,850,854.00","$4,235,148.00",25.10%,"$2,463,260.00"
188,Delaware,DE,2019-12-01,"$20,466,561.00","$4,174,862.00",20.40%,"$2,324,290.00"
189,Delaware,DE,2020-01-01,"$11,187,011.00","$2,527,312.00",22.60%,"$1,386,819.00"
190,Delaware,DE,2020-02-01,"$7,279,650.00","$-410,665.00",-5.60%,"$-367,301.00"
191,Delaware,DE,2020-03-01,"$3,877,068.00","$653,127.00",16.80%,"$340,952.00"
192,Delaware,DE,2020-04-01,$0.00,$0.00,0.00%,$-104.00
193,Delaware,DE,2020-05-01,$0.00,$0.00,0.00%,$-15.00
194,Delaware,DE,2020-06-01,$0.00,$0.00,0.00%,$-33.00
195,Delaware,DE,2020-07-01,"$209,282.00","$13,845.00",6.60%,"$7,040.00"
196,Delaware,DE,2020-08-01,"$2,957,634.00","$419,561.00",14.20%,"$220,175.00"
197,Delaware,DE,2020-09-01,"$12,439,302.00","$2,803,022.00",22.50%,"$1,596,046.00"
198,Delaware,DE,2020-10-01,"$17,086,034.00","$4,945,186.00",28.90%,"$2,877,725.00"
199,Delaware,DE,2020-11-01,"$19,510,093.00","$8,162,861.00",41.80%,"$5,018,419.00"
200,Delaware,DE,2020-12-01,"$15,696,681.00","$4,408,081.00",28.10%,"$2,645,802.00"
201,Delaware,DE,2021-01-01,"$15,649,254.00","$3,288,405.00",21.00%,"$1,798,838.00"
202,Delaware,DE,2021-02-01,"$7,519,710.00","$679,021.00",9.00%,"$313,006.00"
203,Delaware,DE,2021-03-01,"$6,666,115.00","$1,104,859.00",16.60%,"$577,524.00"
204,Delaware,DE,2021-04-01,"$5,470,520.00","$1,023,199.00",18.70%,"$534,814.00"
205,Delaware,DE,2021-05-01,"$7,060,911.00","$775,611.00",11.00%,"$404,929.00"
206,Delaware,DE,2021-06-01,"$5,958,137.00","$737,984.00",12.40%,"$385,357.00"
207,Delaware,DE,2021-07-01,"$4,110,581.00","$724,765.00",17.60%,"$378,599.00"
208,Delaware,DE,2021-08-01,"$5,251,471.00","$541,621.00",10.30%,"$269,110.00"
209,Delaware,DE,2021-09-01,"$13,702,755.00","$4,420,661.00",32.30%,"$2,658,149.00"
210,Delaware,DE,2021-10-01,"$22,238,321.00","$4,635,199.00",20.80%,"$2,625,850.00"
211,Delaware,DE,2021-11-01,"$13,383,727.00","$6,226,325.00",46.50%,"$3,843,342.00"
212,Delaware,DE,2021-12-01,"$12,638,955.00","$-972,383.00",-7.70%,"$-1,088,521.00"
213,Delaware,DE,2022-01-01,"$12,637,103.00","$2,716,347.00",21.50%,"$1,989,974.00"
214,Delaware,DE,2022-02-01,"$5,436,407.00","$74,297.00",1.40%,"$15,012.00"
215,Delaware,DE,2022-03-01,"$5,157,583.00","$631,099.00",12.20%,"$331,496.00"
216,Delaware,DE,2022-04-01,"$4,200,298.00","$358,171.00",8.50%,"$188,322.00"
217,Delaware,DE,2022-05-01,"$5,127,275.00","$565,508.00",11.00%,"$296,948.00"
218,Delaware,DE,2022-06-01,"$3,507,846.00","$242,316.00",6.90%,"$127,482.00"
219,Delaware,DE,2022-07-01,"$2,678,686.00","$438,069.00",16.40%,"$229,305.00"
220,Delaware,DE,2022-08-01,"$2,902,652.00","$399,945.00",13.80%,"$226,701.00"
221,Delaware,DE,2022-09-01,"$8,908,981.00","$2,915,961.00",32.70%,"$2,419,632.00"
222,Delaware,DE,2022-10-01,"$13,545,163.00","$2,597,717.00",19.20%,"$2,084,703.00"
223,Delaware,DE,2022-11-01,"$10,172,819.00","$1,622,874.00",16.00%,"$1,270,575.00"
224,Delaware,DE,2022-12-01,"$8,157,580.00","$1,428,195.00",17.50%,"$1,196,569.00"
225,Delaware,DE,2023-01-01,"$8,457,660.00","$1,714,167.00",20.30%,"$1,441,653.00"
226,Delaware,DE,2023-02-01,"$4,120,957.00","$347,890.00",8.40%,"$190,355.00"
227,Delaware,DE,2023-03-01,"$3,491,183.00","$622,285.00",17.80%,"$325,556.00"
228,Delaware,DE,2023-04-01,"$3,450,142.00","$757,951.00",22.00%,"$239,884.00"
229,Delaware,DE,2023-05-01,"$2,760,829.00","$276,116.00",10.00%,"$159,433.00"
230,Delaware,DE,2023-06-01,"$3,128,258.00","$80,201.00",2.60%,"$45,282.00"
231,Delaware,DE,2023-07-01,"$2,256,345.00","$739,044.00",32.80%,"$203,984.00"
232,Iowa,IA,2019-08-01,"$8,576,341.00","$2,161,807.00",25.20%,"$145,922.00"
233,Iowa,IA,2019-09-01,"$38,545,352.00","$4,959,745.00",12.90%,"$334,783.00"
234,Iowa,IA,2019-10-01,"$46,500,331.00","$5,658,131.00",12.20%,"$381,924.00"
235,Iowa,IA,2019-11-01,"$59,344,806.00","$3,599,750.00",6.10%,"$242,983.00"
236,Iowa,IA,2019-12-01,"$59,258,838.00","$2,904,257.00",4.90%,"$196,037.00"
237,Iowa,IA,2020-01-01,"$58,027,141.00","$3,232,696.00",5.60%,"$218,349.00"
238,Iowa,IA,2020-02-01,"$56,920,783.00","$755,334.00",1.30%,"$50,985.00"
239,Iowa,IA,2020-03-01,"$19,585,711.00","$1,185,888.00",6.10%,"$80,047.00"
240,Iowa,IA,2020-04-01,"$1,568,497.00","$150,331.00",9.60%,"$10,147.00"
241,Iowa,IA,2020-05-01,"$6,976,637.00","$501,062.00",7.20%,"$33,822.00"
242,Iowa,IA,2020-06-01,"$12,711,201.00","$620,740.00",4.90%,"$41,900.00"
243,Iowa,IA,2020-07-01,"$22,859,622.00","$2,244,012.00",9.80%,"$151,471.00"
244,Iowa,IA,2020-08-01,"$50,313,674.00","$3,003,903.00",6.00%,"$202,763.00"
245,Iowa,IA,2020-09-01,"$72,397,241.00","$5,167,816.00",7.10%,"$348,828.00"
246,Iowa,IA,2020-10-01,"$81,902,416.00","$9,080,995.00",11.10%,"$612,967.00"
247,Iowa,IA,2020-11-01,"$87,169,919.00","$8,144,096.00",9.30%,"$549,726.00"
248,Iowa,IA,2020-12-01,"$104,815,630.00","$7,537,004.00",7.20%,"$508,748.00"
249,Iowa,IA,2021-01-01,"$149,524,789.00","$11,343,303.00",7.60%,"$765,673.00"
250,Iowa,IA,2021-02-01,"$143,615,170.00","$7,708,148.00",5.40%,"$520,300.00"
251,Iowa,IA,2021-03-01,"$161,439,561.00","$13,454,158.00",8.30%,"$908,156.00"
252,Iowa,IA,2021-04-01,"$118,355,535.00","$7,725,272.00",6.50%,"$521,456.00"
253,Iowa,IA,2021-05-01,"$114,882,963.00","$6,133,477.00",5.30%,"$414,010.00"
254,Iowa,IA,2021-06-01,"$111,176,671.00","$8,424,699.00",7.60%,"$568,667.00"
255,Iowa,IA,2021-07-01,"$89,960,118.00","$8,112,953.00",9.00%,"$547,624.00"
256,Iowa,IA,2021-08-01,"$109,149,917.00","$7,327,163.00",6.70%,"$494,584.00"
257,Iowa,IA,2021-09-01,"$216,116,399.00","$11,135,516.00",5.20%,"$751,647.00"
258,Iowa,IA,2021-10-01,"$285,532,771.00","$10,840,968.00",3.80%,"$731,765.00"
259,Iowa,IA,2021-11-01,"$287,436,570.00","$19,935,558.00",6.90%,"$1,345,650.00"
260,Iowa,IA,2021-12-01,"$266,518,049.00","$13,371,197.00",5.00%,"$902,556.00"
261,Iowa,IA,2022-01-01,"$303,327,688.00","$14,269,557.00",4.70%,"$963,195.00"
262,Iowa,IA,2022-02-01,"$215,921,313.00","$8,579,100.00",4.00%,"$579,089.00"
263,Iowa,IA,2022-03-01,"$233,525,474.00","$14,411,046.00",6.20%,"$972,746.00"
264,Iowa,IA,2022-04-01,"$177,370,317.00","$12,398,243.00",7.00%,"$836,881.00"
265,Iowa,IA,2022-05-01,"$147,913,284.00","$12,630,387.00",8.50%,"$852,551.00"
266,Iowa,IA,2022-06-01,"$122,437,950.00","$6,568,678.00",5.40%,"$443,386.00"
267,Iowa,IA,2022-07-01,"$108,556,796.00","$11,173,191.00",10.30%,"$754,190.00"
268,Iowa,IA,2022-08-01,"$122,568,313.00","$14,418,923.00",11.80%,"$973,277.00"
269,Iowa,IA,2022-09-01,"$200,230,741.00","$25,417,557.00",12.70%,"$1,715,685.00"
270,Iowa,IA,2022-10-01,"$238,788,234.00","$19,137,523.00",8.00%,"$1,291,783.00"
271,Iowa,IA,2022-11-01,"$247,476,284.00","$5,802,261.00",2.30%,"$391,653.00"
272,Iowa,IA,2022-12-01,"$229,949,570.00","$20,745,524.00",9.00%,"$1,400,323.00"
273,Iowa,IA,2023-01-01,"$233,619,612.00","$16,543,361.00",7.10%,"$1,116,677.00"
274,Iowa,IA,2023-02-01,"$193,879,638.00","$11,888,706.00",6.10%,"$802,488.00"
275,Iowa,IA,2023-03-01,"$232,614,150.00","$19,857,112.00",8.50%,"$1,340,355.00"
276,Iowa,IA,2023-04-01,"$172,589,394.00","$14,127,483.00",8.20%,"$953,605.00"
277,Iowa,IA,2023-05-01,"$147,715,126.00","$16,632,751.00",11.30%,"$1,122,711.00"
278,Iowa,IA,2023-06-01,"$115,595,593.00","$7,153,370.00",6.20%,"$482,852.00"
279,Iowa,IA,2023-07-01,"$109,680,895.00","$10,602,043.00",9.70%,"$715,638.00"
280,Illinois,IL,2020-03-01,"$997,739.00","$120,054.00",12.00%,"$12,242.00"
281,Illinois,IL,2020-04-01,$0.00,$-592.00,0.00%,$0.00
282,Illinois,IL,2020-05-01,$0.00,$0.00,0.00%,$0.00
283,Illinois,IL,2020-06-01,"$8,281,803.00","$812,901.00",9.80%,"$59,446.00"
284,Illinois,IL,2020-07-01,"$52,524,612.00","$4,769,184.00",9.10%,"$585,623.00"
285,Illinois,IL,2020-08-01,"$140,065,649.00","$7,643,489.00",5.50%,"$1,176,754.00"
286,Illinois,IL,2020-09-01,"$305,223,938.00","$11,754,530.00",3.90%,"$1,107,906.00"
287,Illinois,IL,2020-10-01,"$434,567,103.00","$46,967,823.00",10.80%,"$6,807,284.00"
288,Illinois,IL,2020-11-01,"$449,239,162.00","$36,974,421.00",8.20%,"$6,618,259.00"
289,Illinois,IL,2020-12-01,"$491,720,536.00","$28,368,846.00",5.80%,"$3,823,629.00"
290,Illinois,IL,2021-01-01,"$581,553,300.00","$49,365,489.00",8.50%,"$7,670,847.00"
291,Illinois,IL,2021-02-01,"$509,794,592.00","$30,313,913.00",5.90%,"$5,850,897.00"
292,Illinois,IL,2021-03-01,"$633,614,957.00","$49,884,489.00",7.90%,"$7,141,198.00"
293,Illinois,IL,2021-04-01,"$537,158,723.00","$41,969,306.00",7.80%,"$7,067,989.00"
294,Illinois,IL,2021-05-01,"$507,279,761.00","$36,554,947.00",7.20%,"$5,854,318.00"
295,Illinois,IL,2021-06-01,"$476,517,310.00","$48,187,782.00",10.10%,"$7,684,748.00"
296,Illinois,IL,2021-07-01,"$369,134,820.00","$37,292,355.00",10.10%,"$6,058,779.00"
297,Illinois,IL,2021-08-01,"$400,359,760.00","$32,717,934.00",8.20%,"$4,321,832.00"
298,Illinois,IL,2021-09-01,"$596,455,693.00","$44,579,564.00",7.50%,"$6,450,631.00"
299,Illinois,IL,2021-10-01,"$840,440,434.00","$48,316,644.00",5.70%,"$8,459,764.00"
300,Illinois,IL,2021-11-01,"$779,853,367.00","$78,227,189.00",10.00%,"$12,693,515.00"
301,Illinois,IL,2021-12-01,"$789,600,347.00","$36,677,207.00",4.60%,"$5,436,663.00"
302,Illinois,IL,2022-01-01,"$867,505,495.00","$59,343,378.00",6.80%,"$10,687,455.00"
303,Illinois,IL,2022-02-01,"$679,374,199.00","$31,074,381.00",4.60%,"$5,720,366.00"
304,Illinois,IL,2022-03-01,"$971,278,389.00","$79,421,037.00",8.20%,"$9,758,140.00"
305,Illinois,IL,2022-04-01,"$839,386,882.00","$68,234,791.00",8.10%,"$11,321,487.00"
306,Illinois,IL,2022-05-01,"$764,591,757.00","$65,214,388.00",8.50%,"$10,838,258.00"
307,Illinois,IL,2022-06-01,"$628,459,522.00","$40,981,475.00",6.50%,"$6,576,948.00"
308,Illinois,IL,2022-07-01,"$516,414,719.00","$43,849,539.00",8.50%,"$7,392,918.00"
309,Illinois,IL,2022-08-01,"$564,837,409.00","$64,628,599.00",11.40%,"$7,694,847.00"
310,Illinois,IL,2022-09-01,"$831,805,990.00","$83,533,801.00",10.00%,"$12,559,685.00"
311,Illinois,IL,2022-10-01,"$1,029,560,184.00","$91,569,752.00",8.90%,"$16,350,363.00"
312,Illinois,IL,2022-11-01,"$1,029,615,448.00","$96,937,248.00",9.40%,"$15,581,846.00"
313,Illinois,IL,2022-12-01,"$1,028,471,257.00","$81,407,470.00",7.90%,"$13,186,151.00"
314,Illinois,IL,2023-01-01,"$1,070,033,292.00","$88,552,064.00",8.30%,"$15,410,653.00"
315,Illinois,IL,2023-02-01,"$875,387,789.00","$63,297,910.00",7.20%,"$10,967,295.00"
316,Illinois,IL,2023-03-01,"$1,072,701,361.00","$107,423,414.00",10.00%,"$15,650,984.00"
317,Illinois,IL,2023-04-01,"$898,571,938.00","$81,311,927.00",9.00%,"$14,429,201.00"
318,Illinois,IL,2023-05-01,"$821,715,719.00","$91,579,820.00",11.10%,"$14,348,947.00"
319,Illinois,IL,2023-06-01,"$665,770,747.00","$52,288,208.00",7.90%,"$8,862,040.00"
320,Indiana,IN,2019-09-01,"$35,215,418.00","$8,284,862.00",23.50%,"$813,102.00"
321,Indiana,IN,2019-10-01,"$91,697,395.00","$10,629,476.00",11.60%,"$1,096,160.00"
322,Indiana,IN,2019-11-01,"$147,276,912.00","$10,593,321.00",7.20%,"$883,363.00"
323,Indiana,IN,2019-12-01,"$161,806,795.00","$12,069,287.00",7.50%,"$1,139,147.00"
324,Indiana,IN,2020-01-01,"$171,049,250.00","$12,223,222.00",7.10%,"$1,221,796.00"
325,Indiana,IN,2020-02-01,"$187,186,221.00","$10,381,954.00",5.50%,"$1,053,811.00"
326,Indiana,IN,2020-03-01,"$74,818,801.00","$5,300,191.00",7.10%,"$522,086.00"
327,Indiana,IN,2020-04-01,"$26,304,128.00","$1,629,555.00",6.20%,"$148,189.00"
328,Indiana,IN,2020-05-01,"$37,334,940.00","$3,237,031.00",8.70%,"$302,097.00"
329,Indiana,IN,2020-06-01,"$29,783,582.00","$2,543,803.00",8.50%,"$277,600.00"
330,Indiana,IN,2020-07-01,"$70,876,622.00","$4,885,514.00",6.90%,"$644,578.00"
331,Indiana,IN,2020-08-01,"$169,018,238.00","$12,601,820.00",7.50%,"$934,314.00"
332,Indiana,IN,2020-09-01,"$207,450,106.00","$11,238,265.00",5.40%,"$1,356,952.00"
333,Indiana,IN,2020-10-01,"$230,932,251.00","$25,094,814.00",10.90%,"$2,005,347.00"
334,Indiana,IN,2020-11-01,"$251,403,994.00","$25,255,641.00",10.00%,"$2,406,175.00"
335,Indiana,IN,2020-12-01,"$313,112,473.00","$22,003,606.00",7.00%,"$2,292,472.00"
336,Indiana,IN,2021-01-01,"$348,244,676.00","$31,668,178.00",9.10%,"$2,803,021.00"
337,Indiana,IN,2021-02-01,"$273,893,073.00","$15,867,143.00",5.80%,"$1,610,811.00"
338,Indiana,IN,2021-03-01,"$316,717,762.00","$27,421,008.00",8.70%,"$2,503,311.00"
339,Indiana,IN,2021-04-01,"$236,403,308.00","$19,690,320.00",8.30%,"$1,907,522.00"
340,Indiana,IN,2021-05-01,"$254,445,226.00","$18,011,339.00",7.10%,"$1,791,053.00"
341,Indiana,IN,2021-06-01,"$246,321,671.00","$26,748,803.00",10.90%,"$2,420,541.00"
342,Indiana,IN,2021-07-01,"$194,492,669.00","$17,225,036.00",8.90%,"$1,658,052.00"
343,Indiana,IN,2021-08-01,"$215,636,824.00","$16,704,438.00",7.70%,"$1,571,080.00"
344,Indiana,IN,2021-09-01,"$355,425,184.00","$33,307,106.00",9.40%,"$3,250,964.00"
345,Indiana,IN,2021-10-01,"$461,131,242.00","$27,838,472.00",6.00%,"$2,597,357.00"
346,Indiana,IN,2021-11-01,"$463,684,739.00","$47,815,377.00",10.30%,"$4,527,177.00"
347,Indiana,IN,2021-12-01,"$463,015,613.00","$26,007,133.00",5.60%,"$2,448,195.00"
348,Indiana,IN,2022-01-01,"$500,138,648.00","$29,278,177.00",5.90%,"$3,379,560.00"
349,Indiana,IN,2022-02-01,"$409,109,104.00","$22,396,131.00",5.50%,"$1,611,037.00"
350,Indiana,IN,2022-03-01,"$476,802,783.00","$32,788,454.00",6.90%,"$3,095,106.00"
351,Indiana,IN,2022-04-01,"$360,023,255.00","$27,634,092.00",7.70%,"$2,722,456.00"
352,Indiana,IN,2022-05-01,"$308,385,687.00","$31,951,466.00",10.40%,"$2,912,607.00"
353,Indiana,IN,2022-06-01,"$256,307,260.00","$15,653,583.00",6.10%,"$1,497,766.00"
354,Indiana,IN,2022-07-01,"$206,627,688.00","$20,510,071.00",9.90%,"$1,985,587.00"
355,Indiana,IN,2022-08-01,"$237,990,176.00","$25,978,248.00",10.90%,"$2,417,586.00"
356,Indiana,IN,2022-09-01,"$382,507,090.00","$50,551,749.00",13.20%,"$4,861,450.00"
357,Indiana,IN,2022-10-01,"$446,248,394.00","$46,393,925.00",10.40%,"$4,458,595.00"
358,Indiana,IN,2022-11-01,"$452,318,954.00","$40,197,276.00",8.90%,"$3,797,331.00"
359,Indiana,IN,2022-12-01,"$431,423,176.00","$43,555,139.00",10.10%,"$4,058,864.00"
360,Indiana,IN,2023-01-01,"$427,154,794.00","$35,347,154.00",8.30%,"$3,463,540.00"
361,Indiana,IN,2023-02-01,"$356,187,759.00","$28,076,424.00",7.90%,"$2,629,963.00"
362,Indiana,IN,2023-03-01,"$433,022,775.00","$43,746,469.00",10.10%,"$4,097,409.00"
363,Indiana,IN,2023-04-01,"$321,404,737.00","$29,349,149.00",9.10%,"$2,794,279.00"
364,Indiana,IN,2023-05-01,"$283,495,510.00","$33,542,239.00",11.80%,"$3,208,916.00"
365,Indiana,IN,2023-06-01,"$224,070,050.00","$19,036,099.00",8.50%,"$1,848,269.00"
366,Indiana,IN,2023-07-01,"$203,788,074.00","$23,420,740.00",11.50%,"$2,209,488.00"
367,Kansas,KS,2022-09-01,"$160,527,371.00","$22,014,698.00",13.70%,"$129,618.00"
368,Kansas,KS,2022-10-01,"$189,919,311.00","$18,582,842.00",9.80%,"$141,088.00"
369,Kansas,KS,2022-11-01,"$186,353,708.00","$19,073,128.00",10.20%,"$795,784.00"
370,Kansas,KS,2022-12-01,"$181,977,180.00","$16,835,233.00",9.30%,"$1,026,140.00"
371,Kansas,KS,2023-01-01,"$206,060,734.00","$15,105,189.00",7.30%,"$598,745.00"
372,Kansas,KS,2023-02-01,"$194,034,469.00","$-845,377.00",-0.40%,"$1,134.00"
373,Kansas,KS,2023-03-01,"$206,287,094.00","$20,975,191.00",10.20%,"$911,159.00"
374,Kansas,KS,2023-04-01,"$132,981,289.00","$14,636,899.00",11.00%,"$919,720.00"
375,Kansas,KS,2023-05-01,"$120,323,444.00","$14,550,824.00",12.10%,"$887,390.00"
376,Kansas,KS,2023-06-01,"$98,125,865.00","$8,195,048.00",8.40%,"$409,425.00"
377,Kansas,KS,2023-07-01,"$79,715,016.00","$9,644,263.00",12.10%,"$683,176.00"
378,Louisiana,LA,2021-11-01,"$27,871,038.00","$5,685,706.00",20.40%,"$568,571.00"
379,Louisiana,LA,2021-12-01,"$39,517,545.00","$4,380,700.00",11.10%,"$438,070.00"
380,Louisiana,LA,2022-01-01,"$89,757,060.00","$7,992,540.00",8.90%,"$533,259.00"
381,Louisiana,LA,2022-02-01,"$238,413,596.00","$27,316,419.00",11.50%,"$2,421,541.00"
382,Louisiana,LA,2022-03-01,"$232,730,341.00","$30,943,063.00",13.30%,"$3,413,595.00"
383,Louisiana,LA,2022-04-01,"$208,255,060.00","$6,140,843.00",2.90%,"$2,573,658.00"
384,Louisiana,LA,2022-05-01,"$171,135,819.00","$25,691,302.00",15.00%,"$2,663,220.00"
385,Louisiana,LA,2022-06-01,"$132,438,215.00","$10,891,261.00",8.20%,"$1,424,413.00"
386,Louisiana,LA,2022-07-01,"$118,522,225.00","$20,980,159.00",17.70%,"$2,442,246.00"
387,Louisiana,LA,2022-08-01,"$128,251,857.00","$9,587,258.00",7.50%,"$1,775,179.00"
388,Louisiana,LA,2022-09-01,"$203,807,226.00","$33,390,478.00",16.40%,"$4,040,335.00"
389,Louisiana,LA,2022-10-01,"$255,805,485.00","$30,774,673.00",12.00%,"$4,308,649.00"
390,Louisiana,LA,2022-11-01,"$268,638,967.00","$-25,318,031.00",-9.40%,"$4,244,196.00"
391,Louisiana,LA,2022-12-01,"$254,753,433.00","$37,290,999.00",14.60%,"$4,365,471.00"
392,Louisiana,LA,2023-01-01,"$282,269,901.00","$35,725,850.00",12.70%,"$3,330,035.00"
393,Louisiana,LA,2023-02-01,"$197,709,561.00","$23,295,088.00",11.80%,"$2,554,375.00"
394,Louisiana,LA,2023-03-01,"$249,280,628.00","$32,319,508.00",13.00%,"$3,590,725.00"
395,Louisiana,LA,2023-04-01,"$209,746,932.00","$23,414,940.00",11.20%,"$2,945,211.00"
396,Louisiana,LA,2023-05-01,"$195,123,855.00","$29,860,212.00",15.30%,"$3,579,595.00"
397,Louisiana,LA,2023-06-01,"$160,083,233.00","$13,981,060.00",8.70%,"$1,697,439.00"
398,Massachusetts,MA,2023-01-01,"$642,630.00","$-8,227.00",-1.30%,"$-1,417.00"
399,Massachusetts,MA,2023-02-01,"$24,979,240.00","$1,486,743.00",6.00%,"$213,795.00"
400,Massachusetts,MA,2023-03-01,"$584,476,649.00","$48,289,185.00",8.30%,"$9,339,417.00"
401,Massachusetts,MA,2023-04-01,"$574,829,883.00","$60,281,564.00",10.50%,"$11,799,200.00"
402,Massachusetts,MA,2023-05-01,"$457,140,440.00","$62,073,252.00",13.60%,"$12,120,399.00"
403,Massachusetts,MA,2023-06-01,"$327,303,984.00","$33,000,352.00",10.10%,"$6,433,223.00"
404,Massachusetts,MA,2023-07-01,"$296,099,657.00","$30,132,777.00",10.20%,"$5,812,041.00"
405,Maryland,MD,2021-12-01,"$16,552,430.00","$3,170,001.00",19.20%,"$469,297.00"
406,Maryland,MD,2022-01-01,"$32,530,831.00","$4,375,316.00",13.40%,"$644,098.00"
407,Maryland,MD,2022-02-01,"$25,526,148.00","$955,377.00",3.70%,"$134,628.00"
408,Maryland,MD,2022-03-01,"$31,025,892.00","$3,927,573.00",12.70%,"$577,019.00"
409,Maryland,MD,2022-04-01,"$26,908,845.00","$2,838,501.00",10.50%,"$415,801.00"
410,Maryland,MD,2022-05-01,"$23,095,542.00","$3,077,031.00",13.30%,"$452,897.00"
411,Maryland,MD,2022-06-01,"$19,121,331.00","$1,309,834.00",6.90%,"$189,323.00"
412,Maryland,MD,2022-07-01,"$15,492,757.00","$2,026,548.00",13.10%,"$298,177.00"
413,Maryland,MD,2022-08-01,"$18,650,802.00","$3,231,851.00",17.30%,"$477,840.00"
414,Maryland,MD,2022-09-01,"$31,376,072.00","$6,639,776.00",21.20%,"$984,308.00"
415,Maryland,MD,2022-10-01,"$39,663,586.00","$5,309,436.00",13.40%,"$781,642.00"
416,Maryland,MD,2022-11-01,"$219,071,374.00","$30,620,539.00",14.00%,"$704,728.00"
417,Maryland,MD,2022-12-01,"$497,121,656.00","$85,168,804.00",17.10%,"$440,043.00"
418,Maryland,MD,2023-01-01,"$441,481,779.00","$59,601,405.00",13.50%,"$2,114,613.00"
419,Maryland,MD,2023-02-01,"$339,421,546.00","$40,214,644.00",11.80%,"$2,796,880.00"
420,Maryland,MD,2023-03-01,"$385,967,195.00","$47,548,313.00",12.30%,"$5,310,057.00"
421,Maryland,MD,2023-04-01,"$328,454,397.00","$35,644,586.00",10.90%,"$3,864,686.00"
422,Maryland,MD,2023-05-01,"$320,199,671.00","$42,742,217.00",13.30%,"$4,650,711.00"
423,Maryland,MD,2023-06-01,"$254,476,790.00","$27,077,118.00",10.60%,"$2,835,051.00"
424,Maryland,MD,2023-07-01,"$247,412,348.00","$28,114,521.00",11.40%,"$3,312,633.00"
425,Michigan,MI,2020-03-01,"$593,956.00","$105,548.00",17.80%,"$8,866.00"
426,Michigan,MI,2020-04-01,$0.00,$0.00,0.00%,$0.00
427,Michigan,MI,2020-05-01,$0.00,$0.00,0.00%,$0.00
428,Michigan,MI,2020-06-01,$0.00,$0.00,0.00%,$0.00
429,Michigan,MI,2020-07-01,$0.00,$0.00,0.00%,$0.00
430,Michigan,MI,2020-08-01,"$15,744,256.00","$1,977,052.00",12.60%,"$166,072.00"
431,Michigan,MI,2020-09-01,"$33,503,929.00","$4,376,407.00",13.10%,"$367,618.00"
432,Michigan,MI,2020-10-01,"$46,120,824.00","$7,596,972.00",16.50%,"$638,146.00"
433,Michigan,MI,2020-11-01,"$25,080,140.00","$2,337,638.00",9.30%,"$196,362.00"
434,Michigan,MI,2020-12-01,"$9,720,393.00","$1,883,240.00",19.40%,"$158,192.00"
435,Michigan,MI,2021-01-01,"$150,849,896.00","$17,423,564.00",11.60%,"$517,022.00"
436,Michigan,MI,2021-02-01,"$325,569,037.00","$9,395,302.00",2.90%,"$233,294.00"
437,Michigan,MI,2021-03-01,"$383,691,892.00","$35,238,593.00",9.20%,"$1,111,886.00"
438,Michigan,MI,2021-04-01,"$274,212,630.00","$21,922,961.00",8.00%,"$629,336.00"
439,Michigan,MI,2021-05-01,"$257,748,035.00","$21,228,714.00",8.20%,"$1,140,664.00"
440,Michigan,MI,2021-06-01,"$259,504,202.00","$27,244,793.00",10.50%,"$1,638,701.00"
441,Michigan,MI,2021-07-01,"$206,267,088.00","$20,766,255.00",10.10%,"$1,241,237.00"
442,Michigan,MI,2021-08-01,"$208,565,955.00","$17,536,332.00",8.40%,"$896,007.00"
443,Michigan,MI,2021-09-01,"$386,780,231.00","$27,135,351.00",7.00%,"$981,126.00"
444,Michigan,MI,2021-10-01,"$497,565,425.00","$26,947,289.00",5.40%,"$1,129,191.00"
445,Michigan,MI,2021-11-01,"$500,521,376.00","$58,762,835.00",11.70%,"$2,893,243.00"
446,Michigan,MI,2021-12-01,"$514,630,536.00","$35,920,227.00",7.00%,"$1,201,105.00"
447,Michigan,MI,2022-01-01,"$532,681,710.00","$36,647,758.00",6.90%,"$2,135,046.00"
448,Michigan,MI,2022-02-01,"$423,768,381.00","$21,633,471.00",5.10%,"$508,254.00"
449,Michigan,MI,2022-03-01,"$477,967,947.00","$32,445,133.00",6.80%,"$1,466,772.00"
450,Michigan,MI,2022-04-01,"$396,009,819.00","$32,630,491.00",8.20%,"$1,696,097.00"
451,Michigan,MI,2022-05-01,"$356,130,390.00","$35,920,231.00",10.10%,"$1,992,223.00"
452,Michigan,MI,2022-06-01,"$292,389,429.00","$15,826,610.00",5.40%,"$567,965.00"
453,Michigan,MI,2022-07-01,"$224,966,256.00","$22,874,582.00",10.20%,"$1,307,287.00"
454,Michigan,MI,2022-08-01,"$229,797,476.00","$25,654,849.00",11.20%,"$1,490,223.00"
455,Michigan,MI,2022-09-01,"$383,102,602.00","$50,442,748.00",13.20%,"$2,601,351.00"
456,Michigan,MI,2022-10-01,"$504,336,507.00","$51,362,299.00",10.20%,"$2,972,271.00"
457,Michigan,MI,2022-11-01,"$498,118,043.00","$42,758,230.00",8.60%,"$2,494,635.00"
458,Michigan,MI,2022-12-01,"$494,820,409.00","$50,450,735.00",10.20%,"$2,827,280.00"
459,Michigan,MI,2023-01-01,"$490,904,822.00","$33,785,629.00",6.90%,"$1,716,686.00"
460,Michigan,MI,2023-02-01,"$357,161,200.00","$23,134,728.00",6.50%,"$959,332.00"
461,Michigan,MI,2023-03-01,"$421,666,037.00","$46,016,812.00",10.90%,"$2,900,149.00"
462,Michigan,MI,2023-04-01,"$338,127,853.00","$36,275,215.00",10.70%,"$2,324,351.00"
463,Michigan,MI,2023-05-01,"$305,275,755.00","$36,125,966.00",11.80%,"$2,152,149.00"
464,Michigan,MI,2023-06-01,"$235,996,767.00","$17,928,415.00",7.60%,"$825,756.00"
465,Mississippi,MS,2018-08-01,"$7,696,051.00","$645,057.00",8.40%,"$77,407.00"
466,Mississippi,MS,2018-09-01,"$31,770,270.00","$5,503,793.00",17.30%,"$660,455.00"
467,Mississippi,MS,2018-10-01,"$32,837,334.00","$1,178,343.00",3.60%,"$141,401.00"
468,Mississippi,MS,2018-11-01,"$44,499,883.00","$1,674,250.00",3.80%,"$200,910.00"
469,Mississippi,MS,2018-12-01,"$41,762,048.00","$6,174,224.00",14.80%,"$740,907.00"
470,Mississippi,MS,2019-01-01,"$35,190,774.00","$2,793,238.00",7.90%,"$335,189.00"
471,Mississippi,MS,2019-02-01,"$25,148,135.00","$2,756,439.00",11.00%,"$330,773.00"
472,Mississippi,MS,2019-03-01,"$32,421,264.00","$4,898,726.00",15.10%,"$587,847.00"
473,Mississippi,MS,2019-04-01,"$19,188,763.00","$2,057,834.00",10.70%,"$246,940.00"
474,Mississippi,MS,2019-05-01,"$17,438,288.00","$1,191,967.00",6.80%,"$143,036.00"
475,Mississippi,MS,2019-06-01,"$15,190,666.00","$1,625,113.00",10.70%,"$195,014.00"
476,Mississippi,MS,2019-07-01,"$13,383,383.00","$1,053,776.00",7.90%,"$126,453.00"
477,Mississippi,MS,2019-08-01,"$19,876,370.00","$2,884,348.00",14.50%,"$346,122.00"
478,Mississippi,MS,2019-09-01,"$37,870,989.00","$5,631,583.00",14.90%,"$675,790.00"
479,Mississippi,MS,2019-10-01,"$48,019,481.00","$12,295,357.00",25.60%,"$1,475,443.00"
480,Mississippi,MS,2019-11-01,"$56,369,036.00","$3,784,071.00",6.70%,"$454,088.00"
481,Mississippi,MS,2019-12-01,"$49,076,433.00","$3,478,919.00",7.10%,"$417,470.00"
482,Mississippi,MS,2020-01-01,"$45,190,371.00","$4,637,967.00",10.30%,"$556,556.00"
483,Mississippi,MS,2020-02-01,"$34,462,822.00","$2,105,780.00",6.10%,"$252,694.00"
484,Mississippi,MS,2020-03-01,"$10,749,403.00","$648,647.00",6.00%,"$77,838.00"
485,Mississippi,MS,2020-04-01,$0.00,$0.00,0.00%,$0.00
486,Mississippi,MS,2020-05-01,"$236,503.00","$87,697.00",37.10%,"$10,524.00"
487,Mississippi,MS,2020-06-01,"$1,575,859.00","$-62,231.00",-3.90%,"$-7,468.00"
488,Mississippi,MS,2020-07-01,"$7,916,665.00","$1,335,763.00",16.90%,"$160,292.00"
489,Mississippi,MS,2020-08-01,"$40,489,135.00","$3,748,732.00",9.30%,"$449,848.00"
490,Mississippi,MS,2020-09-01,"$52,220,289.00","$6,598,931.00",12.60%,"$791,872.00"
491,Mississippi,MS,2020-10-01,"$61,192,425.00","$8,769,600.00",14.30%,"$1,052,352.00"
492,Mississippi,MS,2020-11-01,"$54,443,370.00","$8,108,102.00",14.90%,"$972,972.00"
493,Mississippi,MS,2020-12-01,"$55,298,807.00","$7,762,542.00",14.00%,"$931,505.00"
494,Mississippi,MS,2021-01-01,"$67,707,628.00","$9,114,483.00",13.50%,"$1,093,738.00"
495,Mississippi,MS,2021-02-01,"$47,807,574.00","$4,606,840.00",9.60%,"$552,821.00"
496,Mississippi,MS,2021-03-01,"$50,546,886.00","$5,237,031.00",10.40%,"$628,444.00"
497,Mississippi,MS,2021-04-01,"$32,917,836.00","$4,300,968.00",13.10%,"$516,116.00"
498,Mississippi,MS,2021-05-01,"$36,125,896.00","$3,888,299.00",10.80%,"$466,596.00"
499,Mississippi,MS,2021-06-01,"$43,099,180.00","$3,194,317.00",7.40%,"$383,318.00"
500,Mississippi,MS,2021-07-01,"$30,659,426.00","$2,887,695.00",9.40%,"$346,523.00"
501,Mississippi,MS,2021-08-01,"$21,436,948.00","$1,886,405.00",8.80%,"$226,369.00"
502,Mississippi,MS,2021-09-01,"$54,835,753.00","$8,846,121.00",16.10%,"$1,061,535.00"
503,Mississippi,MS,2021-10-01,"$83,527,015.00","$9,146,353.00",11.00%,"$1,097,562.00"
504,Mississippi,MS,2021-11-01,"$60,582,141.00","$9,520,846.00",15.70%,"$1,142,502.00"
505,Mississippi,MS,2021-12-01,"$56,839,743.00","$3,238,730.00",5.70%,"$388,648.00"
506,Mississippi,MS,2022-01-01,"$66,523,295.00","$6,521,389.00",9.80%,"$782,567.00"
507,Mississippi,MS,2022-02-01,"$40,871,618.00","$1,887,995.00",4.60%,"$226,559.00"
508,Mississippi,MS,2022-03-01,"$47,523,073.00","$3,965,723.00",8.30%,"$475,887.00"
509,Mississippi,MS,2022-04-01,"$35,503,585.00","$4,209,290.00",11.90%,"$505,115.00"
510,Mississippi,MS,2022-05-01,"$29,233,786.00","$4,006,359.00",13.70%,"$480,763.00"
511,Mississippi,MS,2022-06-01,"$25,096,238.00","$2,082,091.00",8.30%,"$249,851.00"
512,Mississippi,MS,2022-07-01,"$18,296,341.00","$2,527,212.00",13.80%,"$303,265.00"
513,Mississippi,MS,2022-08-01,"$21,234,898.00","$2,687,465.00",12.70%,"$322,496.00"
514,Mississippi,MS,2022-09-01,"$43,139,311.00","$8,779,943.00",20.40%,"$1,053,593.00"
515,Mississippi,MS,2022-10-01,"$56,199,189.00","$7,687,183.00",13.70%,"$922,462.00"
516,Mississippi,MS,2022-11-01,"$73,605,361.00","$5,087,585.00",6.90%,"$610,510.00"
517,Mississippi,MS,2022-12-01,"$74,358,933.00","$11,297,381.00",15.20%,"$1,355,686.00"
518,Mississippi,MS,2023-01-01,"$57,223,251.00","$5,117,380.00",8.90%,"$614,086.00"
519,Mississippi,MS,2023-02-01,"$39,807,504.00","$3,143,541.00",7.90%,"$377,225.00"
520,Mississippi,MS,2023-03-01,"$46,689,392.00","$4,953,171.00",10.60%,"$594,381.00"
521,Mississippi,MS,2023-04-01,"$31,805,004.00","$4,347,138.00",13.70%,"$521,657.00"
522,Mississippi,MS,2023-05-01,"$26,761,691.00","$3,180,953.00",11.90%,"$381,714.00"
523,Mississippi,MS,2023-06-01,"$20,414,902.00","$1,848,676.00",9.10%,"$221,841.00"
524,Mississippi,MS,2023-07-01,"$17,728,739.00","$2,463,671.00",13.90%,"$295,641.00"
525,Montana,MT,2020-03-01,"$8,051.00","$3,130.00",38.90%,"$1,395.00"
526,Montana,MT,2020-04-01,$434.00,$-289.00,-66.60%,$-199.00
527,Montana,MT,2020-05-01,"$113,283.00","$30,502.00",26.90%,"$11,504.00"
528,Montana,MT,2020-06-01,"$346,600.00","$68,714.00",19.80%,"$20,433.00"
529,Montana,MT,2020-07-01,"$1,554,924.00","$170,766.00",11.00%,"$9,164.00"
530,Montana,MT,2020-08-01,"$2,606,465.00","$240,986.00",9.20%,"$-11,797.00"
531,Montana,MT,2020-09-01,"$2,452,736.00","$303,394.00",12.40%,"$34,872.00"
532,Montana,MT,2020-10-01,"$2,935,271.00","$491,142.00",16.70%,"$118,569.00"
533,Montana,MT,2020-11-01,"$3,184,529.00","$465,183.00",14.60%,"$88,038.00"
534,Montana,MT,2020-12-01,"$5,568,187.00","$594,935.00",10.70%,"$22,870.00"
535,Montana,MT,2021-01-01,"$5,142,569.00","$486,975.00",9.50%,"$-16,369.00"
536,Montana,MT,2021-02-01,"$3,863,473.00","$309,201.00",8.00%,"$-46,288.00"
537,Montana,MT,2021-03-01,"$4,411,507.00","$652,401.00",14.80%,"$126,750.00"
538,Montana,MT,2021-04-01,"$3,253,865.00","$501,413.00",15.40%,"$105,616.00"
539,Montana,MT,2021-05-01,"$3,981,680.00","$496,740.00",12.50%,"$59,143.00"
540,Montana,MT,2021-06-01,"$3,700,999.00","$385,441.00",10.40%,"$9,205.00"
541,Montana,MT,2021-07-01,"$2,629,806.00","$446,624.00",17.00%,"$110,186.00"
542,Montana,MT,2021-08-01,"$3,349,655.00","$475,519.00",14.20%,"$84,332.00"
543,Montana,MT,2021-09-01,"$3,023,972.00","$561,587.00",18.60%,"$155,514.00"
544,Montana,MT,2021-10-01,"$4,404,020.00","$568,817.00",12.90%,"$77,049.00"
545,Montana,MT,2021-11-01,"$4,531,859.00","$879,240.00",19.40%,"$255,632.00"
546,Montana,MT,2021-12-01,"$4,922,327.00","$642,265.00",13.00%,"$90,020.00"
547,Montana,MT,2022-01-01,"$5,117,844.00","$669,464.00",13.10%,"$94,608.00"
548,Montana,MT,2022-02-01,"$3,631,705.00","$705,841.00",19.40%,"$205,602.00"
549,Montana,MT,2022-03-01,"$3,981,218.00","$671,606.00",16.90%,"$164,091.00"
550,Montana,MT,2022-04-01,"$3,243,425.00","$389,693.00",12.00%,"$39,210.00"
551,Montana,MT,2022-05-01,"$3,236,702.00","$382,130.00",11.80%,"$35,076.00"
552,Montana,MT,2022-06-01,"$2,911,455.00","$274,694.00",9.40%,"$-9,871.00"
553,Montana,MT,2022-07-01,"$2,560,000.00","$274,000.00",10.70%,"$10,800.00"
554,Montana,MT,2022-08-01,"$2,975,100.00","$440,591.00",14.80%,"$85,849.00"
555,Montana,MT,2022-09-01,"$4,940,321.00","$975,542.00",19.70%,"$288,906.00"
556,Montana,MT,2022-10-01,"$5,319,627.00","$681,222.00",12.80%,"$89,556.00"
557,Montana,MT,2022-11-01,"$5,782,523.00","$777,488.00",13.40%,"$119,541.00"
558,Montana,MT,2022-12-01,"$7,218,595.00","$931,178.00",12.90%,"$125,591.00"
559,Montana,MT,2023-01-01,"$7,139,581.00","$979,495.00",13.70%,"$159,322.00"
560,Montana,MT,2023-02-01,"$4,366,807.00","$560,668.00",12.80%,"$74,392.00"
561,Montana,MT,2023-03-01,"$5,784,045.00","$925,542.00",16.00%,"$208,283.00"
562,Montana,MT,2023-04-01,"$5,201,964.00","$633,005.00",12.20%,"$67,685.00"
563,Montana,MT,2023-05-01,"$4,457,829.00","$666,686.00",15.00%,"$132,542.00"
564,Montana,MT,2023-06-01,"$3,353,974.00","$282,263.00",8.40%,"$-31,881.00"
565,Montana,MT,2023-07-01,"$2,587,209.00","$560,046.00",21.60%,"$180,795.00"
566,New Hampshire,NH,2019-12-01,"$360,726.00","$44,759.00",12.40%,"$19,403.00"
567,New Hampshire,NH,2020-01-01,"$16,834,974.00","$1,643,793.00",9.80%,"$713,311.00"
568,New Hampshire,NH,2020-02-01,"$22,130,928.00","$1,359,395.00",6.10%,"$613,679.00"
569,New Hampshire,NH,2020-03-01,"$8,768,769.00","$818,605.00",9.30%,"$394,229.00"
570,New Hampshire,NH,2020-04-01,"$3,774,668.00","$262,393.00",7.00%,"$126,090.00"
571,New Hampshire,NH,2020-05-01,"$7,180,450.00","$424,947.00",5.90%,"$187,743.00"
572,New Hampshire,NH,2020-06-01,"$8,138,772.00","$691,103.00",8.50%,"$313,156.00"
573,New Hampshire,NH,2020-07-01,"$11,623,208.00","$1,268,688.00",10.90%,"$602,156.00"
574,New Hampshire,NH,2020-08-01,"$27,496,050.00","$1,367,516.00",5.00%,"$607,909.00"
575,New Hampshire,NH,2020-09-01,"$41,373,620.00","$2,290,364.00",5.50%,"$990,884.00"
576,New Hampshire,NH,2020-10-01,"$47,055,486.00","$4,203,875.00",8.90%,"$2,001,597.00"
577,New Hampshire,NH,2020-11-01,"$46,523,447.00","$4,770,459.00",10.30%,"$2,323,843.00"
578,New Hampshire,NH,2020-12-01,"$51,649,897.00","$4,537,653.00",8.80%,"$2,137,406.00"
579,New Hampshire,NH,2021-01-01,"$59,795,433.00","$4,197,029.00",7.00%,"$1,886,506.00"
580,New Hampshire,NH,2021-02-01,"$50,995,349.00","$1,787,930.00",3.50%,"$769,387.00"
581,New Hampshire,NH,2021-03-01,"$55,800,096.00","$4,254,732.00",7.60%,"$1,925,260.00"
582,New Hampshire,NH,2021-04-01,"$46,700,713.00","$3,302,340.00",7.10%,"$1,480,847.00"
583,New Hampshire,NH,2021-05-01,"$42,367,380.00","$3,115,230.00",7.40%,"$1,433,622.00"
584,New Hampshire,NH,2021-06-01,"$39,268,179.00","$3,869,773.00",9.90%,"$1,797,118.00"
585,New Hampshire,NH,2021-07-01,"$36,724,166.00","$3,062,545.00",8.30%,"$1,468,578.00"
586,New Hampshire,NH,2021-08-01,"$36,319,740.00","$1,594,235.00",4.40%,"$723,016.00"
587,New Hampshire,NH,2021-09-01,"$68,123,241.00","$4,420,924.00",6.50%,"$1,887,441.00"
588,New Hampshire,NH,2021-10-01,"$98,191,306.00","$5,409,196.00",5.50%,"$2,560,651.00"
589,New Hampshire,NH,2021-11-01,"$83,168,805.00","$6,172,580.00",7.40%,"$2,926,238.00"
590,New Hampshire,NH,2021-12-01,"$86,444,639.00","$2,641,046.00",3.10%,"$1,140,937.00"
591,New Hampshire,NH,2022-01-01,"$99,540,825.00","$8,029,427.00",8.10%,"$3,875,782.00"
592,New Hampshire,NH,2022-02-01,"$70,866,282.00","$1,019,098.00",1.40%,"$458,353.00"
593,New Hampshire,NH,2022-03-01,"$78,811,441.00","$5,283,248.00",6.70%,"$2,506,863.00"
594,New Hampshire,NH,2022-04-01,"$73,149,079.00","$3,436,446.00",4.70%,"$1,514,431.00"
595,New Hampshire,NH,2022-05-01,"$76,199,157.00","$5,720,931.00",7.50%,"$2,637,599.00"
596,New Hampshire,NH,2022-06-01,"$53,567,757.00","$4,819,197.00",9.00%,"$2,216,742.00"
597,New Hampshire,NH,2022-07-01,"$42,653,152.00","$4,476,145.00",10.50%,"$2,115,043.00"
598,New Hampshire,NH,2022-08-01,"$43,372,007.00","$4,199,240.00",9.70%,"$1,927,109.00"
599,New Hampshire,NH,2022-09-01,"$78,237,751.00","$7,358,206.00",9.40%,"$3,249,389.00"
600,New Hampshire,NH,2022-10-01,"$91,345,018.00","$9,078,684.00",9.90%,"$4,482,595.00"
601,New Hampshire,NH,2022-11-01,"$93,090,530.00","$4,963,601.00",5.30%,"$2,176,120.00"
602,New Hampshire,NH,2022-12-01,"$90,894,581.00","$8,330,161.00",9.20%,"$3,809,372.00"
603,New Hampshire,NH,2023-01-01,"$97,163,182.00","$12,317,536.00",12.70%,"$5,604,577.00"
604,New Hampshire,NH,2023-02-01,"$86,999,460.00","$7,112,918.00",8.20%,"$3,238,963.00"
605,New Hampshire,NH,2023-03-01,"$103,390,747.00","$4,828,031.00",4.70%,"$2,126,879.00"
606,New Hampshire,NH,2023-04-01,"$65,083,883.00","$6,670,481.00",10.20%,"$2,997,574.00"
607,New Hampshire,NH,2023-05-01,"$52,137,614.00","$7,042,469.00",13.50%,"$3,078,160.00"
608,New Hampshire,NH,2023-06-01,"$39,307,739.00","$4,372,429.00",11.10%,"$1,944,484.00"
609,New Hampshire,NH,2023-07-01,"$36,929,342.00","$3,511,866.00",9.50%,"$1,551,250.00"
610,New Jersey,NJ,2018-06-01,"$16,409,619.00","$3,458,668.00",21.10%,"$337,078.00"
611,New Jersey,NJ,2018-07-01,"$40,682,237.00","$3,845,879.00",9.50%,"$377,015.00"
612,New Jersey,NJ,2018-08-01,"$95,634,048.00","$9,197,827.00",9.60%,"$1,038,072.00"
613,New Jersey,NJ,2018-09-01,"$183,948,404.00","$23,775,812.00",12.90%,"$2,883,518.00"
614,New Jersey,NJ,2018-10-01,"$260,711,301.00","$11,686,117.00",4.50%,"$1,536,283.00"
615,New Jersey,NJ,2018-11-01,"$330,748,563.00","$21,243,867.00",6.40%,"$2,743,339.00"
616,New Jersey,NJ,2018-12-01,"$319,173,548.00","$20,814,223.00",6.50%,"$2,685,956.00"
617,New Jersey,NJ,2019-01-01,"$385,279,662.00","$18,777,582.00",4.90%,"$2,530,315.00"
618,New Jersey,NJ,2019-02-01,"$320,368,087.00","$12,732,738.00",4.00%,"$1,981,251.00"
619,New Jersey,NJ,2019-03-01,"$372,451,342.00","$31,669,387.00",8.50%,"$4,020,740.00"
620,New Jersey,NJ,2019-04-01,"$313,719,562.00","$21,215,748.00",6.80%,"$2,826,247.00"
621,New Jersey,NJ,2019-05-01,"$318,940,677.00","$15,536,384.00",4.90%,"$2,137,480.00"
622,New Jersey,NJ,2019-06-01,"$273,222,975.00","$9,701,926.00",3.60%,"$1,254,851.00"
623,New Jersey,NJ,2019-07-01,"$251,371,272.00","$17,884,790.00",7.10%,"$2,364,941.00"
624,New Jersey,NJ,2019-08-01,"$293,594,862.00","$25,210,342.00",8.60%,"$3,316,918.00"
625,New Jersey,NJ,2019-09-01,"$445,563,503.00","$37,955,171.00",8.50%,"$5,028,107.00"
626,New Jersey,NJ,2019-10-01,"$487,924,504.00","$46,393,537.00",9.50%,"$6,241,133.00"
627,New Jersey,NJ,2019-11-01,"$562,675,543.00","$32,895,546.00",5.80%,"$4,457,889.00"
628,New Jersey,NJ,2019-12-01,"$557,786,161.00","$29,424,884.00",5.30%,"$4,108,749.00"
629,New Jersey,NJ,2020-01-01,"$540,113,452.00","$53,561,626.00",9.90%,"$7,261,470.00"
630,New Jersey,NJ,2020-02-01,"$494,814,107.00","$17,000,928.00",3.40%,"$2,461,238.00"
631,New Jersey,NJ,2020-03-01,"$181,908,529.00","$13,181,101.00",7.20%,"$1,897,069.00"
632,New Jersey,NJ,2020-04-01,"$54,593,092.00","$2,634,050.00",4.80%,"$390,347.00"
633,New Jersey,NJ,2020-05-01,"$117,821,281.00","$9,912,062.00",8.40%,"$1,427,101.00"
634,New Jersey,NJ,2020-06-01,"$165,014,553.00","$12,639,282.00",7.70%,"$1,811,121.00"
635,New Jersey,NJ,2020-07-01,"$315,118,805.00","$29,551,986.00",9.40%,"$4,041,649.00"
636,New Jersey,NJ,2020-08-01,"$667,979,150.00","$39,507,182.00",5.90%,"$5,413,671.00"
637,New Jersey,NJ,2020-09-01,"$748,037,246.00","$45,127,763.00",6.00%,"$6,169,023.00"
638,New Jersey,NJ,2020-10-01,"$801,196,298.00","$58,403,209.00",7.30%,"$8,166,439.00"
639,New Jersey,NJ,2020-11-01,"$930,367,718.00","$50,410,546.00",5.40%,"$6,851,928.00"
640,New Jersey,NJ,2020-12-01,"$995,567,756.00","$66,301,567.00",6.70%,"$9,091,303.00"
641,New Jersey,NJ,2021-01-01,"$957,353,407.00","$82,209,293.00",8.60%,"$11,341,542.00"
642,New Jersey,NJ,2021-02-01,"$742,849,328.00","$46,222,846.00",6.20%,"$6,367,031.00"
643,New Jersey,NJ,2021-03-01,"$857,732,524.00","$60,624,773.00",7.10%,"$8,495,171.00"
644,New Jersey,NJ,2021-04-01,"$746,810,150.00","$54,711,189.00",7.30%,"$7,452,186.00"
645,New Jersey,NJ,2021-05-01,"$813,517,681.00","$52,826,372.00",6.50%,"$7,405,859.00"
646,New Jersey,NJ,2021-06-01,"$765,665,331.00","$71,134,768.00",9.30%,"$9,620,806.00"
647,New Jersey,NJ,2021-07-01,"$576,917,625.00","$54,800,465.00",9.50%,"$7,591,288.00"
648,New Jersey,NJ,2021-08-01,"$664,675,859.00","$52,023,081.00",7.80%,"$7,329,603.00"
649,New Jersey,NJ,2021-09-01,"$1,011,114,311.00","$82,280,645.00",8.10%,"$11,212,782.00"
650,New Jersey,NJ,2021-10-01,"$1,303,198,342.00","$84,311,810.00",6.50%,"$11,661,062.00"
651,New Jersey,NJ,2021-11-01,"$1,258,189,436.00","$114,788,726.00",9.10%,"$16,038,097.00"
652,New Jersey,NJ,2021-12-01,"$1,229,561,891.00","$59,047,673.00",4.80%,"$8,221,034.00"
653,New Jersey,NJ,2022-01-01,"$1,348,860,083.00","$60,195,902.00",4.50%,"$8,774,160.00"
654,New Jersey,NJ,2022-02-01,"$985,568,313.00","$30,873,369.00",3.10%,"$4,678,782.00"
655,New Jersey,NJ,2022-03-01,"$1,120,904,954.00","$66,404,370.00",5.90%,"$9,068,529.00"
656,New Jersey,NJ,2022-04-01,"$926,946,780.00","$50,345,808.00",5.40%,"$7,055,550.00"
657,New Jersey,NJ,2022-05-01,"$766,412,352.00","$61,594,016.00",8.00%,"$8,773,059.00"
658,New Jersey,NJ,2022-06-01,"$633,184,861.00","$39,245,213.00",6.20%,"$5,404,026.00"
659,New Jersey,NJ,2022-07-01,"$531,888,333.00","$45,007,343.00",8.50%,"$6,386,976.00"
660,New Jersey,NJ,2022-08-01,"$546,774,395.00","$65,272,385.00",11.90%,"$9,138,137.00"
661,New Jersey,NJ,2022-09-01,"$866,719,412.00","$97,981,122.00",11.30%,"$13,352,085.00"
662,New Jersey,NJ,2022-10-01,"$1,060,154,535.00","$77,907,041.00",7.30%,"$10,853,450.00"
663,New Jersey,NJ,2022-11-01,"$1,101,622,966.00","$80,426,931.00",7.30%,"$11,497,129.00"
664,New Jersey,NJ,2022-12-01,"$1,055,556,994.00","$87,701,471.00",8.30%,"$12,444,016.00"
665,New Jersey,NJ,2023-01-01,"$1,082,233,033.00","$72,330,439.00",6.70%,"$10,345,867.00"
666,New Jersey,NJ,2023-02-01,"$847,405,611.00","$54,621,220.00",6.40%,"$7,808,167.00"
667,New Jersey,NJ,2023-03-01,"$1,025,779,225.00","$93,039,999.00",9.10%,"$13,083,369.00"
668,New Jersey,NJ,2023-04-01,"$833,980,925.00","$72,304,036.00",8.70%,"$10,118,510.00"
669,New Jersey,NJ,2023-05-01,"$778,854,263.00","$82,165,404.00",10.50%,"$11,496,202.00"
670,New Jersey,NJ,2023-06-01,"$591,081,897.00","$66,356,838.00",11.20%,"$9,218,174.00"
671,New Jersey,NJ,2023-07-01,"$587,019,749.00","$61,013,433.00",10.40%,"$8,467,678.00"
672,Nevada,NV,2018-06-01,"$286,282,315.00","$20,172,000.00",7.00%,"$1,361,610.00"
673,Nevada,NV,2018-07-01,"$245,109,818.00","$4,061,000.00",1.70%,"$274,118.00"
674,Nevada,NV,2018-08-01,"$247,622,046.00","$12,603,000.00",5.10%,"$850,703.00"
675,Nevada,NV,2018-09-01,"$571,371,045.00","$56,304,000.00",9.90%,"$3,800,520.00"
676,Nevada,NV,2018-10-01,"$528,086,065.00","$29,547,000.00",5.60%,"$1,994,423.00"
677,Nevada,NV,2018-11-01,"$580,693,817.00","$27,136,000.00",4.70%,"$1,831,680.00"
678,Nevada,NV,2018-12-01,"$562,133,600.00","$44,106,000.00",7.80%,"$2,977,155.00"
679,Nevada,NV,2019-01-01,"$496,689,151.00","$14,626,000.00",2.90%,"$987,255.00"
680,Nevada,NV,2019-02-01,"$458,498,365.00","$35,816,000.00",7.80%,"$2,417,580.00"
681,Nevada,NV,2019-03-01,"$597,045,387.00","$32,523,000.00",5.40%,"$2,195,303.00"
682,Nevada,NV,2019-04-01,"$328,025,447.00","$21,656,000.00",6.60%,"$1,461,780.00"
683,Nevada,NV,2019-05-01,"$317,511,432.00","$11,267,000.00",3.50%,"$760,523.00"
684,Nevada,NV,2019-06-01,"$322,050,433.00","$16,588,000.00",5.20%,"$1,119,690.00"
685,Nevada,NV,2019-07-01,"$235,961,371.00","$10,534,000.00",4.50%,"$711,045.00"
686,Nevada,NV,2019-08-01,"$287,811,624.00","$18,733,000.00",6.50%,"$1,264,478.00"
687,Nevada,NV,2019-09-01,"$546,193,707.00","$52,069,000.00",9.50%,"$3,514,658.00"
688,Nevada,NV,2019-10-01,"$543,922,446.00","$47,886,000.00",8.80%,"$3,232,305.00"
689,Nevada,NV,2019-11-01,"$614,070,720.00","$31,012,000.00",5.10%,"$2,093,310.00"
690,Nevada,NV,2019-12-01,"$571,142,557.00","$36,327,000.00",6.40%,"$2,452,073.00"
691,Nevada,NV,2020-01-01,"$502,279,982.00","$20,152,000.00",4.00%,"$1,360,260.00"
692,Nevada,NV,2020-02-01,"$491,705,606.00","$38,064,000.00",7.70%,"$2,569,320.00"
693,Nevada,NV,2020-03-01,"$141,108,201.00","$1,455,000.00",1.00%,"$98,213.00"
694,Nevada,NV,2020-04-01,"$28,131,869.00","$1,334,500.00",4.70%,"$90,079.00"
695,Nevada,NV,2020-05-01,"$28,131,869.00","$1,334,500.00",4.70%,"$90,079.00"
696,Nevada,NV,2020-06-01,"$78,152,387.00","$-483,000.00",-0.60%,"$-32,602.00"
697,Nevada,NV,2020-07-01,"$163,552,030.00","$6,295,000.00",3.80%,"$424,913.00"
698,Nevada,NV,2020-08-01,"$474,948,414.00","$16,985,000.00",3.60%,"$1,146,488.00"
699,Nevada,NV,2020-09-01,"$575,144,025.00","$32,895,000.00",5.70%,"$2,220,413.00"
700,Nevada,NV,2020-10-01,"$659,899,331.00","$42,388,000.00",6.40%,"$2,861,190.00"
701,Nevada,NV,2020-11-01,"$609,376,849.00","$61,807,000.00",10.10%,"$4,171,973.00"
702,Nevada,NV,2020-12-01,"$587,056,304.00","$40,573,000.00",6.90%,"$2,738,678.00"
703,Nevada,NV,2021-01-01,"$646,491,632.00","$52,381,000.00",8.10%,"$3,535,718.00"
704,Nevada,NV,2021-02-01,"$554,058,173.00","$31,846,000.00",5.70%,"$2,149,605.00"
705,Nevada,NV,2021-03-01,"$640,984,932.00","$39,346,000.00",6.10%,"$2,655,855.00"
706,Nevada,NV,2021-04-01,"$458,251,710.00","$27,210,000.00",5.90%,"$1,836,675.00"
707,Nevada,NV,2021-05-01,"$477,191,062.00","$27,079,000.00",5.70%,"$1,827,833.00"
708,Nevada,NV,2021-06-01,"$545,367,518.00","$29,186,000.00",5.40%,"$1,970,055.00"
709,Nevada,NV,2021-07-01,"$409,659,756.00","$33,278,000.00",8.10%,"$2,246,265.00"
710,Nevada,NV,2021-08-01,"$427,425,369.00","$14,342,000.00",3.40%,"$968,085.00"
711,Nevada,NV,2021-09-01,"$786,508,562.00","$54,205,000.00",6.90%,"$3,658,838.00"
712,Nevada,NV,2021-10-01,"$1,100,712,575.00","$48,312,000.00",4.40%,"$3,261,060.00"
713,Nevada,NV,2021-11-01,"$1,086,010,454.00","$71,971,000.00",6.60%,"$4,858,043.00"
714,Nevada,NV,2021-12-01,"$1,014,986,618.00","$15,960,000.00",1.60%,"$1,077,300.00"
715,Nevada,NV,2022-01-01,"$1,034,818,801.00","$49,997,000.00",4.80%,"$3,374,798.00"
716,Nevada,NV,2022-02-01,"$780,768,853.00","$30,920,000.00",4.00%,"$2,087,100.00"
717,Nevada,NV,2022-03-01,"$863,283,921.00","$36,926,000.00",4.30%,"$2,492,505.00"
718,Nevada,NV,2022-04-01,"$582,529,725.00","$25,368,000.00",4.40%,"$1,712,340.00"
719,Nevada,NV,2022-05-01,"$562,000,848.00","$26,999,000.00",4.80%,"$1,822,433.00"
720,Nevada,NV,2022-06-01,"$490,558,644.00","$23,835,000.00",4.90%,"$1,608,863.00"
721,Nevada,NV,2022-07-01,"$419,372,311.00","$18,591,000.00",4.40%,"$1,254,893.00"
722,Nevada,NV,2022-08-01,"$408,935,554.00","$16,072,000.00",3.90%,"$1,084,860.00"
723,Nevada,NV,2022-09-01,"$760,891,578.00","$70,629,000.00",9.30%,"$4,767,458.00"
724,Nevada,NV,2022-10-01,"$968,629,230.00","$56,859,000.00",5.90%,"$3,837,983.00"
725,Nevada,NV,2022-11-01,"$929,046,456.00","$37,671,000.00",4.10%,"$2,542,793.00"
726,Nevada,NV,2022-12-01,"$880,380,248.00","$55,204,000.00",6.30%,"$3,726,270.00"
727,Nevada,NV,2023-01-01,"$935,792,553.00","$50,440,000.00",5.40%,"$3,404,700.00"
728,Nevada,NV,2023-02-01,"$659,079,542.00","$41,277,000.00",6.30%,"$2,786,198.00"
729,Nevada,NV,2023-03-01,"$829,842,964.00","$43,851,000.00",5.30%,"$2,959,943.00"
730,Nevada,NV,2023-04-01,"$580,550,628.00","$30,533,000.00",5.30%,"$2,060,978.00"
731,Nevada,NV,2023-05-01,"$527,205,770.00","$30,064,000.00",5.70%,"$2,029,320.00"
732,Nevada,NV,2023-06-01,"$479,039,381.00","$9,503,000.00",2.00%,"$641,453.00"
733,New York,NY,2019-07-01,"$1,365,470.00","$349,468.00",25.60%,"$34,947.00"
734,New York,NY,2019-08-01,"$4,647,958.00","$828,152.00",17.80%,"$82,815.00"
735,New York,NY,2019-09-01,"$13,060,944.00","$2,283,864.00",17.50%,"$228,386.00"
736,New York,NY,2019-10-01,"$14,852,615.00","$2,233,227.00",15.00%,"$223,323.00"
737,New York,NY,2019-11-01,"$17,161,294.00","$1,308,295.00",7.60%,"$130,830.00"
738,New York,NY,2019-12-01,"$16,872,506.00","$780,417.00",4.60%,"$78,042.00"
739,New York,NY,2020-01-01,"$17,169,303.00","$1,943,351.00",11.30%,"$194,335.00"
740,New York,NY,2020-02-01,"$12,872,999.00","$-179,592.00",-1.40%,"$-17,959.00"
741,New York,NY,2020-03-01,"$4,186,276.00","$99,514.00",2.40%,"$9,951.00"
742,New York,NY,2020-04-01,$0.00,$0.00,0.00%,$0.00
743,New York,NY,2020-05-01,$0.00,$0.00,0.00%,$0.00
744,New York,NY,2020-06-01,$0.00,$0.00,0.00%,$0.00
745,New York,NY,2020-07-01,$0.00,$0.00,0.00%,$0.00
746,New York,NY,2020-08-01,$0.00,$0.00,0.00%,$0.00
747,New York,NY,2020-09-01,"$10,092,604.00","$1,403,544.00",13.90%,"$140,354.00"
748,New York,NY,2020-10-01,"$18,107,259.00","$2,623,464.00",14.50%,"$262,346.00"
749,New York,NY,2020-11-01,"$17,096,321.00","$2,619,676.00",15.30%,"$261,968.00"
750,New York,NY,2020-12-01,"$18,584,384.00","$2,258,771.00",12.20%,"$225,877.00"
751,New York,NY,2021-01-01,"$20,942,309.00","$3,569,855.00",17.00%,"$356,986.00"
752,New York,NY,2021-02-01,"$14,018,760.00","$1,153,275.00",8.20%,"$115,327.00"
753,New York,NY,2021-03-01,"$16,529,015.00","$1,845,684.00",11.20%,"$184,568.00"
754,New York,NY,2021-04-01,"$13,537,156.00","$1,322,623.00",9.80%,"$132,262.00"
755,New York,NY,2021-05-01,"$14,145,742.00","$1,590,113.00",11.20%,"$159,011.00"
756,New York,NY,2021-06-01,"$14,239,819.00","$1,858,642.00",13.10%,"$185,864.00"
757,New York,NY,2021-07-01,"$9,338,107.00","$1,273,621.00",13.60%,"$127,362.00"
758,New York,NY,2021-08-01,"$9,153,603.00","$1,080,570.00",11.80%,"$108,057.00"
759,New York,NY,2021-09-01,"$17,355,781.00","$3,187,045.00",18.40%,"$318,704.00"
760,New York,NY,2021-10-01,"$25,567,296.00","$1,718,615.00",6.70%,"$171,861.00"
761,New York,NY,2021-11-01,"$21,519,094.00","$3,956,491.00",18.40%,"$395,649.00"
762,New York,NY,2021-12-01,"$21,129,981.00","$764,615.00",3.60%,"$76,461.00"
763,New York,NY,2022-01-01,"$1,058,862,137.00","$64,825,014.00",6.10%,"$33,195,577.00"
764,New York,NY,2022-02-01,"$1,210,678,939.00","$62,361,305.00",5.20%,"$31,903,692.00"
765,New York,NY,2022-03-01,"$1,371,402,413.00","$93,373,728.00",6.80%,"$47,344,201.00"
766,New York,NY,2022-04-01,"$1,396,791,941.00","$104,535,898.00",7.50%,"$53,151,656.00"
767,New York,NY,2022-05-01,"$1,269,862,570.00","$110,418,075.00",8.70%,"$56,055,234.00"
768,New York,NY,2022-06-01,"$1,056,694,011.00","$72,441,501.00",6.90%,"$36,936,704.00"
769,New York,NY,2022-07-01,"$804,966,381.00","$73,880,416.00",9.20%,"$37,449,978.00"
770,New York,NY,2022-08-01,"$877,407,454.00","$100,760,793.00",11.50%,"$50,912,979.00"
771,New York,NY,2022-09-01,"$1,265,553,629.00","$145,039,867.00",11.50%,"$73,270,471.00"
772,New York,NY,2022-10-01,"$1,555,051,006.00","$146,845,937.00",9.40%,"$74,403,028.00"
773,New York,NY,2022-11-01,"$1,564,144,672.00","$149,244,901.00",9.50%,"$75,695,441.00"
774,New York,NY,2022-12-01,"$1,632,469,011.00","$142,969,451.00",8.80%,"$72,422,558.00"
775,New York,NY,2023-01-01,"$1,799,048,366.00","$149,886,749.00",8.30%,"$76,253,908.00"
776,New York,NY,2023-02-01,"$1,474,299,932.00","$108,470,835.00",7.40%,"$55,242,679.00"
777,New York,NY,2023-03-01,"$1,792,885,345.00","$163,582,116.00",9.10%,"$83,117,519.00"
778,New York,NY,2023-04-01,"$1,550,014,914.00","$139,265,045.00",9.00%,"$70,842,936.00"
779,New York,NY,2023-05-01,"$1,363,794,316.00","$152,643,135.00",11.20%,"$77,571,580.00"
780,New York,NY,2023-06-01,"$1,170,989,676.00","$103,956,640.00",8.90%,"$52,965,055.00"
781,New York,NY,2023-07-01,"$966,555,215.00","$105,510,883.00",10.90%,"$53,655,339.00"
782,Ohio,OH,2023-01-01,"$1,114,101,739.00","$209,037,382.00",18.80%,"$20,922,360.00"
783,Ohio,OH,2023-02-01,"$639,795,553.00","$82,879,569.00",13.00%,"$8,306,002.00"
784,Ohio,OH,2023-03-01,"$738,613,175.00","$95,313,123.00",12.90%,"$9,551,057.00"
785,Ohio,OH,2023-04-01,"$521,703,584.00","$63,819,857.00",12.20%,"$6,405,348.00"
786,Ohio,OH,2023-05-01,"$447,477,360.00","$57,949,810.00",13.00%,"$5,819,482.00"
787,Ohio,OH,2023-06-01,"$363,066,723.00","$32,598,466.00",9.00%,"$3,276,237.00"
788,Oregon,OR,2019-10-01,"$5,605,244.00","$220,396.00",3.90%,"$110,198.00"
789,Oregon,OR,2019-11-01,"$17,115,418.00","$960,713.00",5.60%,"$480,357.00"
790,Oregon,OR,2019-12-01,"$22,551,454.00","$1,743,231.00",7.70%,"$871,616.00"
791,Oregon,OR,2020-01-01,"$21,151,594.00","$1,773,805.00",8.40%,"$886,903.00"
792,Oregon,OR,2020-02-01,"$20,899,824.00","$1,481,198.00",7.10%,"$740,599.00"
793,Oregon,OR,2020-03-01,"$9,007,678.00","$937,750.00",10.40%,"$468,875.00"
794,Oregon,OR,2020-04-01,"$4,430,649.00","$392,769.00",8.90%,"$196,385.00"
795,Oregon,OR,2020-05-01,"$7,290,190.00","$598,062.00",8.20%,"$299,031.00"
796,Oregon,OR,2020-06-01,"$7,921,865.00","$777,904.00",9.80%,"$388,952.00"
797,Oregon,OR,2020-07-01,"$14,042,424.00","$1,003,039.00",7.10%,"$501,520.00"
798,Oregon,OR,2020-08-01,"$25,845,402.00","$1,662,406.00",6.40%,"$831,203.00"
799,Oregon,OR,2020-09-01,"$26,174,305.00","$1,527,244.00",5.80%,"$763,622.00"
800,Oregon,OR,2020-10-01,"$29,455,226.00","$2,751,146.00",9.30%,"$1,375,573.00"
801,Oregon,OR,2020-11-01,"$25,039,883.00","$4,116,313.00",16.40%,"$2,058,157.00"
802,Oregon,OR,2020-12-01,"$26,987,301.00","$3,050,783.00",11.30%,"$1,525,392.00"
803,Oregon,OR,2021-01-01,"$34,935,889.00","$3,872,606.00",11.10%,"$1,936,303.00"
804,Oregon,OR,2021-02-01,"$29,600,150.00","$2,684,776.00",9.10%,"$1,342,388.00"
805,Oregon,OR,2021-03-01,"$24,054,959.00","$1,374,379.00",5.70%,"$687,190.00"
806,Oregon,OR,2021-04-01,"$25,323,060.00","$2,729,278.00",10.80%,"$1,364,639.00"
807,Oregon,OR,2021-05-01,"$27,780,213.00","$2,350,289.00",8.50%,"$1,175,145.00"
808,Oregon,OR,2021-06-01,"$24,903,118.00","$2,841,767.00",11.40%,"$1,420,884.00"
809,Oregon,OR,2021-07-01,"$18,189,572.00","$2,173,573.00",11.90%,"$1,086,787.00"
810,Oregon,OR,2021-08-01,"$17,686,201.00","$1,063,136.00",6.00%,"$531,568.00"
811,Oregon,OR,2021-09-01,"$25,070,340.00","$1,259,745.00",5.00%,"$629,873.00"
812,Oregon,OR,2021-10-01,"$37,639,043.00","$3,022,299.00",8.00%,"$1,511,150.00"
813,Oregon,OR,2021-11-01,"$32,673,216.00","$4,428,659.00",13.60%,"$2,214,330.00"
814,Oregon,OR,2021-12-01,"$33,743,753.00","$2,597,501.00",7.70%,"$1,298,751.00"
815,Oregon,OR,2022-01-01,"$42,899,736.00","$2,389,280.00",5.60%,"$1,194,640.00"
816,Oregon,OR,2022-02-01,"$39,458,431.00","$3,335,165.00",8.50%,"$1,667,583.00"
817,Oregon,OR,2022-03-01,"$36,208,012.00","$3,620,610.00",10.00%,"$1,810,305.00"
818,Oregon,OR,2022-04-01,"$42,936,414.00","$3,824,163.00",8.90%,"$1,912,082.00"
819,Oregon,OR,2022-05-01,"$41,708,882.00","$5,034,037.00",12.10%,"$2,517,019.00"
820,Oregon,OR,2022-06-01,"$33,966,897.00","$2,548,191.00",7.50%,"$1,274,096.00"
821,Oregon,OR,2022-07-01,"$28,453,425.00","$2,700,257.00",9.50%,"$1,350,129.00"
822,Oregon,OR,2022-08-01,"$28,196,192.00","$2,707,041.00",9.60%,"$1,353,521.00"
823,Oregon,OR,2022-09-01,"$39,292,036.00","$5,465,182.00",13.90%,"$2,732,591.00"
824,Oregon,OR,2022-10-01,"$55,555,465.00","$5,783,451.00",10.40%,"$2,891,726.00"
825,Oregon,OR,2022-11-01,"$55,503,997.00","$6,418,578.00",11.60%,"$3,209,289.00"
826,Oregon,OR,2022-12-01,"$53,806,188.00","$5,693,398.00",10.60%,"$2,846,699.00"
827,Oregon,OR,2023-01-01,"$62,328,292.00","$7,546,964.00",12.10%,"$3,773,482.00"
828,Oregon,OR,2023-02-01,"$48,425,409.00","$4,261,284.00",8.80%,"$2,130,642.00"
829,Oregon,OR,2023-03-01,"$50,456,710.00","$6,088,343.00",12.10%,"$3,044,172.00"
830,Pennsylvania,PA,2018-11-01,"$1,414,587.00","$508,997.00",36.00%,"$183,239.00"
831,Pennsylvania,PA,2018-12-01,"$16,173,090.00","$2,007,592.00",12.40%,"$722,733.00"
832,Pennsylvania,PA,2019-01-01,"$32,011,839.00","$2,607,215.00",8.10%,"$938,597.00"
833,Pennsylvania,PA,2019-02-01,"$31,500,742.00","$1,946,817.00",6.20%,"$700,854.00"
834,Pennsylvania,PA,2019-03-01,"$44,527,575.00","$5,519,340.00",12.40%,"$1,986,962.00"
835,Pennsylvania,PA,2019-04-01,"$36,769,145.00","$4,221,482.00",11.50%,"$1,519,734.00"
836,Pennsylvania,PA,2019-05-01,"$35,934,215.00","$2,861,852.00",8.00%,"$1,030,267.00"
837,Pennsylvania,PA,2019-06-01,"$46,334,244.00","$3,126,380.00",6.70%,"$740,455.00"
838,Pennsylvania,PA,2019-07-01,"$59,331,959.00","$5,074,431.00",8.60%,"$1,026,769.00"
839,Pennsylvania,PA,2019-08-01,"$109,038,051.00","$9,887,738.00",9.10%,"$2,201,406.00"
840,Pennsylvania,PA,2019-09-01,"$194,504,622.00","$19,334,816.00",9.90%,"$5,359,994.00"
841,Pennsylvania,PA,2019-10-01,"$241,186,066.00","$19,116,777.00",7.90%,"$5,381,370.00"
842,Pennsylvania,PA,2019-11-01,"$316,468,264.00","$20,570,772.00",6.50%,"$5,299,447.00"
843,Pennsylvania,PA,2019-12-01,"$342,560,389.00","$17,459,091.00",5.10%,"$4,094,813.00"
844,Pennsylvania,PA,2020-01-01,"$348,381,708.00","$31,580,803.00",9.10%,"$8,222,829.00"
845,Pennsylvania,PA,2020-02-01,"$329,765,782.00","$11,432,097.00",3.50%,"$1,700,011.00"
846,Pennsylvania,PA,2020-03-01,"$131,330,059.00","$8,606,120.00",6.60%,"$2,480,132.00"
847,Pennsylvania,PA,2020-04-01,"$46,015,988.00","$3,202,680.00",7.00%,"$1,038,049.00"
848,Pennsylvania,PA,2020-05-01,"$77,510,033.00","$5,918,697.00",7.60%,"$1,738,436.00"
849,Pennsylvania,PA,2020-06-01,"$89,002,562.00","$7,959,790.00",8.90%,"$2,397,657.00"
850,Pennsylvania,PA,2020-07-01,"$164,782,229.00","$13,651,865.00",8.30%,"$2,933,093.00"
851,Pennsylvania,PA,2020-08-01,"$364,985,422.00","$27,593,677.00",7.60%,"$6,578,667.00"
852,Pennsylvania,PA,2020-09-01,"$462,787,392.00","$18,278,779.00",3.90%,"$2,257,158.00"
853,Pennsylvania,PA,2020-10-01,"$525,802,524.00","$47,834,647.00",9.10%,"$13,239,693.00"
854,Pennsylvania,PA,2020-11-01,"$491,910,713.00","$48,500,443.00",9.90%,"$13,446,089.00"
855,Pennsylvania,PA,2020-12-01,"$548,590,065.00","$45,344,348.00",8.30%,"$12,261,434.00"
856,Pennsylvania,PA,2021-01-01,"$615,294,827.00","$49,305,268.00",8.00%,"$12,229,342.00"
857,Pennsylvania,PA,2021-02-01,"$509,547,820.00","$33,171,120.00",6.50%,"$5,896,731.00"
858,Pennsylvania,PA,2021-03-01,"$560,259,181.00","$41,029,269.00",7.30%,"$10,566,844.00"
859,Pennsylvania,PA,2021-04-01,"$479,411,021.00","$36,033,727.00",7.50%,"$9,466,734.00"
860,Pennsylvania,PA,2021-05-01,"$447,465,027.00","$37,419,313.00",8.40%,"$9,988,734.00"
861,Pennsylvania,PA,2021-06-01,"$420,193,377.00","$42,495,332.00",10.10%,"$12,321,187.00"
862,Pennsylvania,PA,2021-07-01,"$304,415,503.00","$27,482,519.00",9.00%,"$7,148,225.00"
863,Pennsylvania,PA,2021-08-01,"$348,520,369.00","$25,315,958.00",7.30%,"$6,482,608.00"
864,Pennsylvania,PA,2021-09-01,"$578,760,746.00","$48,113,670.00",8.30%,"$10,171,364.00"
865,Pennsylvania,PA,2021-10-01,"$776,277,954.00","$42,282,405.00",5.40%,"$8,471,814.00"
866,Pennsylvania,PA,2021-11-01,"$761,574,597.00","$84,921,693.00",11.20%,"$22,920,716.00"
867,Pennsylvania,PA,2021-12-01,"$750,388,696.00","$37,953,474.00",5.10%,"$6,774,396.00"
868,Pennsylvania,PA,2022-01-01,"$793,722,787.00","$53,403,655.00",6.70%,"$11,581,175.00"
869,Pennsylvania,PA,2022-02-01,"$597,064,049.00","$22,160,553.00",3.70%,"$-159,425.00"
870,Pennsylvania,PA,2022-03-01,"$714,976,578.00","$48,512,264.00",6.80%,"$10,944,209.00"
871,Pennsylvania,PA,2022-04-01,"$572,817,741.00","$49,083,331.00",8.60%,"$12,120,141.00"
872,Pennsylvania,PA,2022-05-01,"$493,350,519.00","$47,828,553.00",9.70%,"$12,603,546.00"
873,Pennsylvania,PA,2022-06-01,"$393,494,222.00","$22,889,554.00",5.80%,"$4,597,039.00"
874,Pennsylvania,PA,2022-07-01,"$336,507,932.00","$33,226,517.00",9.90%,"$9,160,020.00"
875,Pennsylvania,PA,2022-08-01,"$363,046,972.00","$42,185,145.00",11.60%,"$12,223,188.00"
876,Pennsylvania,PA,2022-09-01,"$645,242,681.00","$75,319,093.00",11.70%,"$18,078,109.00"
877,Pennsylvania,PA,2022-10-01,"$797,124,732.00","$61,519,576.00",7.70%,"$14,585,047.00"
878,Pennsylvania,PA,2022-11-01,"$789,230,672.00","$69,997,949.00",8.90%,"$19,037,133.00"
879,Pennsylvania,PA,2022-12-01,"$754,849,873.00","$71,238,770.00",9.40%,"$19,664,738.00"
880,Pennsylvania,PA,2023-01-01,"$772,289,648.00","$57,982,069.00",7.50%,"$14,130,145.00"
881,Pennsylvania,PA,2023-02-01,"$599,529,429.00","$62,214,502.00",10.40%,"$15,562,864.00"
882,Pennsylvania,PA,2023-03-01,"$723,545,806.00","$66,465,774.00",9.20%,"$18,232,293.00"
883,Pennsylvania,PA,2023-04-01,"$572,152,803.00","$51,786,464.00",9.10%,"$13,333,004.00"
884,Pennsylvania,PA,2023-05-01,"$495,585,360.00","$57,533,744.00",11.60%,"$14,797,653.00"
885,Pennsylvania,PA,2023-06-01,"$373,171,415.00","$33,866,725.00",9.10%,"$8,301,627.00"
886,Pennsylvania,PA,2023-07-01,"$338,450,263.00","$39,406,353.00",11.60%,"$11,552,323.00"
887,Rhode Island,RI,2018-11-01,"$682,714.00","$72,997.00",10.70%,"$37,228.00"
888,Rhode Island,RI,2018-12-01,"$13,087,999.00","$957,913.00",7.30%,"$488,536.00"
889,Rhode Island,RI,2019-01-01,"$19,051,125.00","$159,978.00",0.80%,"$81,589.00"
890,Rhode Island,RI,2019-02-01,"$20,686,618.00","$-890,623.00",-4.30%,"$-454,218.00"
891,Rhode Island,RI,2019-03-01,"$23,582,716.00","$1,548,230.00",6.60%,"$789,597.00"
892,Rhode Island,RI,2019-04-01,"$16,859,818.00","$1,970,110.00",11.70%,"$1,004,756.00"
893,Rhode Island,RI,2019-05-01,"$18,900,152.00","$899,165.00",4.80%,"$458,574.00"
894,Rhode Island,RI,2019-06-01,"$14,736,667.00","$2,149,999.00",14.60%,"$1,096,499.00"
895,Rhode Island,RI,2019-07-01,"$8,321,947.00","$827,579.00",9.90%,"$422,065.00"
896,Rhode Island,RI,2019-08-01,"$10,060,066.00","$851,788.00",8.50%,"$434,412.00"
897,Rhode Island,RI,2019-09-01,"$22,195,789.00","$2,516,059.00",11.30%,"$1,283,190.00"
898,Rhode Island,RI,2019-10-01,"$28,281,025.00","$2,457,137.00",8.70%,"$1,253,140.00"
899,Rhode Island,RI,2019-11-01,"$31,465,062.00","$2,745,517.00",8.70%,"$1,400,214.00"
900,Rhode Island,RI,2019-12-01,"$31,670,511.00","$2,571,755.00",8.10%,"$1,311,595.00"
901,Rhode Island,RI,2020-01-01,"$26,939,692.00","$3,279,241.00",12.20%,"$1,672,413.00"
902,Rhode Island,RI,2020-02-01,"$28,147,862.00","$2,323,432.00",8.30%,"$1,184,950.00"
903,Rhode Island,RI,2020-03-01,"$8,949,157.00","$841,767.00",9.40%,"$429,301.00"
904,Rhode Island,RI,2020-04-01,"$591,377.00","$27,381.00",4.60%,"$13,964.00"
905,Rhode Island,RI,2020-05-01,"$1,533,114.00","$163,472.00",10.70%,"$83,371.00"
906,Rhode Island,RI,2020-06-01,"$2,032,803.00","$101,328.00",5.00%,"$51,677.00"
907,Rhode Island,RI,2020-07-01,"$6,738,626.00","$351,425.00",5.20%,"$179,227.00"
908,Rhode Island,RI,2020-08-01,"$23,116,965.00","$1,423,391.00",6.20%,"$725,929.00"
909,Rhode Island,RI,2020-09-01,"$31,293,150.00","$2,352,788.00",7.50%,"$1,199,922.00"
910,Rhode Island,RI,2020-10-01,"$34,704,413.00","$4,388,841.00",12.60%,"$2,238,309.00"
911,Rhode Island,RI,2020-11-01,"$35,098,445.00","$6,281,321.00",17.90%,"$3,203,474.00"
912,Rhode Island,RI,2020-12-01,"$22,770,472.00","$2,533,090.00",11.10%,"$1,291,876.00"
913,Rhode Island,RI,2021-01-01,"$39,817,327.00","$3,717,199.00",9.30%,"$1,895,771.00"
914,Rhode Island,RI,2021-02-01,"$34,110,104.00","$1,555,824.00",4.60%,"$793,470.00"
915,Rhode Island,RI,2021-03-01,"$38,583,919.00","$3,976,140.00",10.30%,"$2,027,831.00"
916,Rhode Island,RI,2021-04-01,"$29,040,966.00","$3,168,532.00",10.90%,"$1,615,951.00"
917,Rhode Island,RI,2021-05-01,"$28,252,139.00","$2,772,910.00",9.80%,"$1,414,184.00"
918,Rhode Island,RI,2021-06-01,"$29,468,571.00","$3,666,029.00",12.40%,"$1,869,675.00"
919,Rhode Island,RI,2021-07-01,"$22,095,960.00","$3,263,276.00",14.80%,"$1,664,271.00"
920,Rhode Island,RI,2021-08-01,"$24,042,834.00","$1,129,859.00",4.70%,"$576,228.00"
921,Rhode Island,RI,2021-09-01,"$41,203,997.00","$4,012,295.00",9.70%,"$2,046,270.00"
922,Rhode Island,RI,2021-10-01,"$60,158,844.00","$3,608,570.00",6.00%,"$1,840,371.00"
923,Rhode Island,RI,2021-11-01,"$52,747,831.00","$6,703,144.00",12.70%,"$3,418,603.00"
924,Rhode Island,RI,2021-12-01,"$54,935,498.00","$1,177,717.00",2.10%,"$600,636.00"
925,Rhode Island,RI,2022-01-01,"$58,614,487.00","$5,228,277.00",8.90%,"$2,666,421.00"
926,Rhode Island,RI,2022-02-01,"$42,143,261.00","$3,566,393.00",8.50%,"$1,818,860.00"
927,Rhode Island,RI,2022-03-01,"$45,766,958.00","$3,738,223.00",8.20%,"$1,906,494.00"
928,Rhode Island,RI,2022-04-01,"$40,186,632.00","$2,632,134.00",6.50%,"$1,342,388.00"
929,Rhode Island,RI,2022-05-01,"$41,103,489.00","$2,336,733.00",5.70%,"$1,191,734.00"
930,Rhode Island,RI,2022-06-01,"$34,229,823.00","$2,352,896.00",6.90%,"$1,199,977.00"
931,Rhode Island,RI,2022-07-01,"$25,208,531.00","$2,872,076.00",11.40%,"$1,464,759.00"
932,Rhode Island,RI,2022-08-01,"$27,744,694.00","$3,000,421.00",10.80%,"$1,530,215.00"
933,Rhode Island,RI,2022-09-01,"$41,670,257.00","$6,361,823.00",15.30%,"$3,244,530.00"
934,Rhode Island,RI,2022-10-01,"$55,527,937.00","$6,156,914.00",11.10%,"$3,140,026.00"
935,Rhode Island,RI,2022-11-01,"$61,208,319.00","$4,862,856.00",7.90%,"$2,480,057.00"
936,Rhode Island,RI,2022-12-01,"$59,205,426.00","$6,189,316.00",10.50%,"$3,156,551.00"
937,Rhode Island,RI,2023-01-01,"$62,317,384.00","$5,164,799.00",8.30%,"$2,634,047.00"
938,Rhode Island,RI,2023-02-01,"$43,065,996.00","$3,612,113.00",8.40%,"$1,842,178.00"
939,Rhode Island,RI,2023-03-01,"$41,546,643.00","$3,968,567.00",9.60%,"$2,023,969.00"
940,Rhode Island,RI,2023-04-01,"$37,496,094.00","$3,009,679.00",8.00%,"$1,534,936.00"
941,Rhode Island,RI,2023-05-01,"$30,754,497.00","$3,898,405.00",12.70%,"$1,988,187.00"
942,Rhode Island,RI,2023-06-01,"$23,723,659.00","$1,783,530.00",7.50%,"$909,600.00"
943,South Dakota,SD,2021-09-01,"$443,365.00","$71,320.00",16.10%,"$6,419.00"
944,South Dakota,SD,2021-10-01,"$815,037.00","$98,037.00",12.00%,"$8,823.00"
945,South Dakota,SD,2021-11-01,"$717,775.00","$74,919.00",10.40%,"$6,743.00"
946,South Dakota,SD,2021-12-01,"$675,312.00","$10,306.00",1.50%,$928.00
947,South Dakota,SD,2022-01-01,"$835,252.00","$82,291.00",9.90%,"$7,406.00"
948,South Dakota,SD,2022-02-01,"$685,631.00","$81,367.00",11.90%,"$7,323.00"
949,South Dakota,SD,2022-03-01,"$975,347.00","$97,643.00",10.00%,"$8,788.00"
950,South Dakota,SD,2022-04-01,"$368,517.00","$86,938.00",23.60%,"$7,824.00"
951,South Dakota,SD,2022-05-01,"$307,995.00","$25,102.00",8.20%,"$2,259.00"
952,South Dakota,SD,2022-06-01,"$301,217.00","$27,869.00",9.30%,"$2,508.00"
953,South Dakota,SD,2022-07-01,"$259,180.00","$16,143.00",6.20%,"$1,453.00"
954,South Dakota,SD,2022-08-01,"$266,673.00","$59,053.00",22.10%,"$5,315.00"
955,South Dakota,SD,2022-09-01,"$711,577.00","$211,612.00",29.70%,"$19,045.00"
956,South Dakota,SD,2022-10-01,"$862,170.00","$131,749.00",15.30%,"$11,857.00"
957,South Dakota,SD,2022-11-01,"$861,660.00","$75,856.00",8.80%,"$6,827.00"
958,South Dakota,SD,2022-12-01,"$757,610.00","$151,374.00",20.00%,"$13,624.00"
959,South Dakota,SD,2023-01-01,"$910,312.00","$123,365.00",13.60%,"$11,103.00"
960,South Dakota,SD,2023-02-01,"$717,137.00","$82,853.00",11.60%,"$7,457.00"
961,South Dakota,SD,2023-03-01,"$923,904.00","$161,368.00",17.50%,"$14,523.00"
962,South Dakota,SD,2023-04-01,"$493,045.00","$22,503.00",4.60%,"$2,025.00"
963,South Dakota,SD,2023-05-01,"$528,562.00","$22,536.00",4.30%,"$2,028.00"
964,South Dakota,SD,2023-06-01,"$417,025.00","$-9,254.00",-2.20%,$-833.00
965,Tennessee,TN,2020-11-01,"$131,444,523.00","$13,224,908.00",10.10%,"$2,363,918.00"
966,Tennessee,TN,2020-12-01,"$180,900,000.00","$13,900,000.00",7.70%,"$3,080,000.00"
967,Tennessee,TN,2021-01-01,"$211,300,000.00","$20,900,000.00",9.90%,"$4,300,000.00"
968,Tennessee,TN,2021-02-01,"$176,300,000.00","$13,000,000.00",7.40%,"$2,600,000.00"
969,Tennessee,TN,2021-03-01,"$205,900,000.00","$18,000,000.00",8.70%,"$3,200,000.00"
970,Tennessee,TN,2021-04-01,"$172,400,000.00","$15,500,000.00",9.00%,"$2,800,000.00"
971,Tennessee,TN,2021-05-01,"$160,900,000.00","$15,400,000.00",9.60%,"$2,700,000.00"
972,Tennessee,TN,2021-06-01,"$174,500,000.00","$18,300,000.00",10.50%,"$3,200,000.00"
973,Tennessee,TN,2021-07-01,"$144,559,000.00","$15,172,000.00",10.50%,"$2,600,000.00"
974,Tennessee,TN,2021-08-01,"$144,500,000.00","$13,200,000.00",9.10%,"$2,000,000.00"
975,Tennessee,TN,2021-09-01,"$257,300,000.00","$25,600,000.00",9.90%,"$3,300,000.00"
976,Tennessee,TN,2021-10-01,"$375,300,000.00","$23,300,000.00",6.20%,"$3,400,000.00"
977,Tennessee,TN,2021-11-01,"$365,700,000.00","$36,900,000.00",10.10%,"$5,900,000.00"
978,Tennessee,TN,2021-12-01,"$341,800,000.00","$24,600,000.00",7.20%,"$3,300,000.00"
979,Tennessee,TN,2022-01-01,"$386,059,756.00","$36,249,453.00",9.40%,"$5,817,504.00"
980,Tennessee,TN,2022-02-01,"$313,298,305.00","$20,945,018.00",6.70%,"$3,026,574.00"
981,Tennessee,TN,2022-03-01,"$370,230,004.00","$26,520,468.00",7.20%,"$4,550,242.00"
982,Tennessee,TN,2022-04-01,"$292,796,670.00","$27,142,800.00",9.30%,"$4,649,129.00"
983,Tennessee,TN,2022-05-01,"$261,582,468.00","$27,315,928.00",10.40%,"$4,766,458.00"
984,Tennessee,TN,2022-06-01,"$215,774,186.00","$15,855,649.00",7.30%,"$2,559,649.00"
985,Tennessee,TN,2022-07-01,"$182,769,323.00","$18,174,226.00",9.90%,"$3,668,804.00"
986,Tennessee,TN,2022-08-01,"$205,863,860.00","$27,200,883.00",13.20%,"$4,875,847.00"
987,Tennessee,TN,2022-09-01,"$336,933,437.00","$46,285,200.00",13.70%,"$8,716,963.00"
988,Tennessee,TN,2022-10-01,"$405,337,575.00","$37,295,159.00",9.20%,"$6,989,818.00"
989,Tennessee,TN,2022-11-01,"$439,456,908.00","$47,248,222.00",10.80%,"$9,030,021.00"
990,Tennessee,TN,2022-12-01,"$440,445,414.00","$49,176,885.00",11.20%,"$9,401,952.00"
991,Tennessee,TN,2023-01-01,"$410,773,606.00","$41,392,586.00",10.10%,"$7,269,600.00"
992,Tennessee,TN,2023-02-01,"$327,326,201.00","$33,943,931.00",10.40%,"$6,380,150.00"
993,Tennessee,TN,2023-03-01,"$392,667,304.00","$45,506,700.00",11.60%,"$8,752,898.00"
994,Tennessee,TN,2023-04-01,"$318,416,216.00","$34,257,592.00",10.80%,"$6,435,653.00"
995,Tennessee,TN,2023-05-01,"$279,794,996.00","$37,097,192.00",13.30%,"$7,145,077.00"
996,Tennessee,TN,2023-06-01,"$230,337,515.00","$25,526,655.00",11.10%,"$4,635,761.00"
997,Tennessee,TN,2023-07-01,"$214,114,055.00","$22,181,055.00",10.40%,"$3,951,411.00"
998,Virginia,VA,2021-01-01,"$58,896,564.00","$3,586,077.00",6.10%,"$39,710.00"
999,Virginia,VA,2021-02-01,"$265,778,306.00","$12,238,780.00",4.60%,"$300,594.00"
1000,Virginia,VA,2021-03-01,"$304,066,245.00","$26,573,877.00",8.70%,"$1,183,488.00"
1001,Virginia,VA,2021-04-01,"$236,432,524.00","$19,442,317.00",8.20%,"$1,652,147.00"
1002,Virginia,VA,2021-05-01,"$226,963,573.00","$23,173,549.00",10.20%,"$2,381,116.00"
1003,Virginia,VA,2021-06-01,"$234,943,435.00","$22,006,296.00",9.40%,"$2,273,995.00"
1004,Virginia,VA,2021-07-01,"$161,901,955.00","$19,965,556.00",12.30%,"$1,864,433.00"
1005,Virginia,VA,2021-08-01,"$182,418,252.00","$17,967,427.00",9.80%,"$1,378,540.00"
1006,Virginia,VA,2021-09-01,"$293,851,531.00","$30,929,243.00",10.50%,"$1,557,499.00"
1007,Virginia,VA,2021-10-01,"$427,320,306.00","$30,160,385.00",7.10%,"$1,746,204.00"
1008,Virginia,VA,2021-11-01,"$402,621,132.00","$48,337,037.00",12.00%,"$4,233,167.00"
1009,Virginia,VA,2021-12-01,"$426,596,891.00","$31,515,015.00",7.40%,"$1,729,130.00"
1010,Virginia,VA,2022-01-01,"$485,544,417.00","$39,050,067.00",8.00%,"$2,876,609.00"
1011,Virginia,VA,2022-02-01,"$401,889,135.00","$27,498,133.00",6.80%,"$1,406,280.00"
1012,Virginia,VA,2022-03-01,"$469,484,017.00","$33,700,016.00",7.20%,"$2,116,289.00"
1013,Virginia,VA,2022-04-01,"$399,478,366.00","$36,275,264.00",9.10%,"$3,040,327.00"
1014,Virginia,VA,2022-05-01,"$351,452,931.00","$42,537,524.00",12.10%,"$3,896,270.00"
1015,Virginia,VA,2022-06-01,"$295,235,271.00","$25,965,182.00",8.80%,"$1,871,961.00"
1016,Virginia,VA,2022-07-01,"$266,001,583.00","$26,024,408.00",9.80%,"$3,060,304.00"
1017,Virginia,VA,2022-08-01,"$284,671,331.00","$36,978,897.00",13.00%,"$4,474,132.00"
1018,Virginia,VA,2022-09-01,"$411,273,323.00","$53,821,382.00",13.10%,"$7,257,403.00"
1019,Virginia,VA,2022-10-01,"$528,029,938.00","$51,164,199.00",9.70%,"$6,956,643.00"
1020,Virginia,VA,2022-11-01,"$518,818,987.00","$57,531,255.00",11.10%,"$7,782,639.00"
1021,Virginia,VA,2022-12-01,"$503,075,150.00","$50,687,278.00",10.10%,"$7,026,829.00"
1022,Virginia,VA,2023-01-01,"$510,982,033.00","$49,393,812.00",9.70%,"$6,368,899.00"
1023,Virginia,VA,2023-02-01,"$433,807,108.00","$39,766,908.00",9.20%,"$4,682,125.00"
1024,Virginia,VA,2023-03-01,"$511,614,541.00","$55,258,910.00",10.80%,"$7,413,213.00"
1025,Virginia,VA,2023-04-01,"$425,982,859.00","$45,121,878.00",10.60%,"$5,799,965.00"
1026,Virginia,VA,2023-05-01,"$403,719,160.00","$48,144,550.00",11.90%,"$6,285,305.00"
1027,Virginia,VA,2023-06-01,"$325,455,052.00","$32,668,024.00",10.00%,"$3,939,701.00"
1028,West Virginia,WV,2018-08-01,"$305,192.00","$196,945.00",64.50%,"$19,695.00"
1029,West Virginia,WV,2018-09-01,"$7,333,626.00","$1,967,318.00",26.80%,"$196,732.00"
1030,West Virginia,WV,2018-10-01,"$11,147,951.00","$854,974.00",7.70%,"$85,497.00"
1031,West Virginia,WV,2018-11-01,"$13,826,231.00","$1,207,363.00",8.70%,"$120,736.00"
1032,West Virginia,WV,2018-12-01,"$15,183,234.00","$2,396,963.00",15.80%,"$239,696.00"
1033,West Virginia,WV,2019-01-01,"$19,740,035.00","$1,400,944.00",7.10%,"$140,094.00"
1034,West Virginia,WV,2019-02-01,"$16,845,338.00","$228,286.00",1.40%,"$22,829.00"
1035,West Virginia,WV,2019-03-01,"$15,088,168.00","$1,818,636.00",12.10%,"$183,773.00"
1036,West Virginia,WV,2019-04-01,"$10,978,040.00","$699,185.00",6.40%,"$69,918.00"
1037,West Virginia,WV,2019-05-01,"$9,429,073.00","$719,098.00",7.60%,"$71,910.00"
1038,West Virginia,WV,2019-06-01,"$7,925,849.00","$425,216.00",5.40%,"$42,522.00"
1039,West Virginia,WV,2019-07-01,"$6,944,761.00","$694,934.00",10.00%,"$69,493.00"
1040,West Virginia,WV,2019-08-01,"$11,563,468.00","$1,536,864.00",13.30%,"$153,686.00"
1041,West Virginia,WV,2019-09-01,"$27,508,921.00","$4,119,457.00",15.00%,"$411,946.00"
1042,West Virginia,WV,2019-10-01,"$32,833,393.00","$3,197,821.00",9.70%,"$319,782.00"
1043,West Virginia,WV,2019-11-01,"$35,268,743.00","$1,884,367.00",5.30%,"$188,437.00"
1044,West Virginia,WV,2019-12-01,"$34,159,637.00","$2,709,585.00",7.90%,"$270,959.00"
1045,West Virginia,WV,2020-01-01,"$39,140,547.00","$3,035,253.00",7.80%,"$303,525.00"
1046,West Virginia,WV,2020-02-01,"$40,914,714.00","$-397,120.00",-1.00%,"$-39,712.00"
1047,West Virginia,WV,2020-03-01,"$14,901,577.00","$1,118,217.00",7.50%,"$111,822.00"
1048,West Virginia,WV,2020-04-01,"$2,465,138.00","$129,540.00",5.30%,"$12,954.00"
1049,West Virginia,WV,2020-05-01,"$5,466,523.00","$576,709.00",10.50%,"$57,671.00"
1050,West Virginia,WV,2020-06-01,"$6,147,910.00","$541,070.00",8.80%,"$54,107.00"
1051,West Virginia,WV,2020-07-01,"$15,072,228.00","$1,522,249.00",10.10%,"$152,225.00"
1052,West Virginia,WV,2020-08-01,"$45,185,356.00","$2,294,328.00",5.10%,"$229,433.00"
1053,West Virginia,WV,2020-09-01,"$67,610,819.00","$4,129,595.00",6.10%,"$412,960.00"
1054,West Virginia,WV,2020-10-01,"$49,997,860.00","$3,950,324.00",7.90%,"$395,032.00"
1055,West Virginia,WV,2020-11-01,"$52,271,787.00","$4,886,566.00",9.30%,"$488,657.00"
1056,West Virginia,WV,2020-12-01,"$61,566,896.00","$5,499,992.00",8.90%,"$549,999.00"
1057,West Virginia,WV,2021-01-01,"$57,103,775.00","$4,891,256.00",8.60%,"$489,126.00"
1058,West Virginia,WV,2021-02-01,"$38,015,260.00","$1,024,272.00",2.70%,"$102,427.00"
1059,West Virginia,WV,2021-03-01,"$45,917,290.00","$4,311,297.00",9.40%,"$431,130.00"
1060,West Virginia,WV,2021-04-01,"$28,995,033.00","$2,241,951.00",7.70%,"$224,195.00"
1061,West Virginia,WV,2021-05-01,"$28,264,642.00","$2,928,370.00",10.40%,"$292,837.00"
1062,West Virginia,WV,2021-06-01,"$28,054,400.00","$3,318,278.00",11.80%,"$331,828.00"
1063,West Virginia,WV,2021-07-01,"$21,290,275.00","$2,295,743.00",10.80%,"$229,574.00"
1064,West Virginia,WV,2021-08-01,"$26,131,251.00","$2,685,271.00",10.30%,"$268,527.00"
1065,West Virginia,WV,2021-09-01,"$52,193,627.00","$6,128,575.00",11.70%,"$612,858.00"
1066,West Virginia,WV,2021-10-01,"$68,074,615.00","$3,160,579.00",4.60%,"$316,058.00"
1067,West Virginia,WV,2021-11-01,"$88,190,136.00","$6,983,136.00",7.90%,"$698,314.00"
1068,West Virginia,WV,2021-12-01,"$64,710,557.00","$5,159,229.00",8.00%,"$515,923.00"
1069,West Virginia,WV,2022-01-01,"$65,125,042.00","$4,528,101.00",7.00%,"$452,810.00"
1070,West Virginia,WV,2022-02-01,"$48,476,816.00","$1,904,490.00",3.90%,"$190,449.00"
1071,West Virginia,WV,2022-03-01,"$55,672,438.00","$3,117,541.00",5.60%,"$311,754.00"
1072,West Virginia,WV,2022-04-01,"$38,655,331.00","$3,067,780.00",7.90%,"$306,778.00"
1073,West Virginia,WV,2022-05-01,"$40,439,679.00","$3,748,227.00",9.30%,"$374,823.00"
1074,West Virginia,WV,2022-06-01,"$30,145,409.00","$2,066,930.00",6.90%,"$206,693.00"
1075,West Virginia,WV,2022-07-01,"$25,769,135.00","$2,706,044.00",10.50%,"$270,604.00"
1076,West Virginia,WV,2022-08-01,"$28,553,358.00","$3,455,974.00",12.10%,"$345,597.00"
1077,West Virginia,WV,2022-09-01,"$49,859,709.00","$7,217,919.00",14.50%,"$721,792.00"
1078,West Virginia,WV,2022-10-01,"$56,968,266.00","$5,427,011.00",9.50%,"$542,701.00"
1079,West Virginia,WV,2022-11-01,"$72,947,153.00","$5,521,747.00",7.60%,"$552,175.00"
1080,West Virginia,WV,2022-12-01,"$58,705,514.00","$8,060,617.00",13.70%,"$806,062.00"
1081,West Virginia,WV,2023-01-01,"$49,384,637.00","$4,019,360.00",8.10%,"$401,936.00"
1082,West Virginia,WV,2023-02-01,"$39,740,983.00","$2,726,640.00",6.90%,"$272,664.00"
1083,West Virginia,WV,2023-03-01,"$45,538,667.00","$4,469,377.00",9.80%,"$446,938.00"
1084,West Virginia,WV,2023-04-01,"$40,827,987.00","$3,107,176.00",7.60%,"$310,718.00"
1085,West Virginia,WV,2023-05-01,"$35,140,816.00","$3,849,531.00",11.00%,"$384,953.00"
1086,West Virginia,WV,2023-06-01,"$23,695,286.00","$2,053,727.00",8.70%,"$205,373.00"
1087,West Virginia,WV,2023-07-01,"$22,301,062.00","$2,719,702.00",12.20%,"$271,970.00"
1088,Wyoming,WY,2021-09-01,"$6,242,469.00","$954,416.00",15.30%,"$-12,398.00"
1089,Wyoming,WY,2021-10-01,"$10,847,657.00","$881,200.00",8.10%,"$16,021.00"
1090,Wyoming,WY,2021-11-01,"$10,973,008.00","$1,363,696.00",12.40%,"$86,499.00"
1091,Wyoming,WY,2021-12-01,"$12,285,012.00","$813,504.00",6.60%,"$21,792.00"
1092,Wyoming,WY,2022-01-01,"$13,977,632.00","$1,098,460.00",7.90%,"$46,565.00"
1093,Wyoming,WY,2022-02-01,"$10,301,603.00","$722,631.00",7.00%,"$18,824.00"
1094,Wyoming,WY,2022-03-01,"$12,704,938.00","$1,104,236.00",8.70%,"$44,806.00"
1095,Wyoming,WY,2022-04-01,"$9,995,920.00","$1,007,796.00",10.10%,"$51,187.00"
1096,Wyoming,WY,2022-05-01,"$9,340,833.00","$1,011,714.00",10.80%,"$53,163.00"
1097,Wyoming,WY,2022-06-01,"$7,322,852.00","$673,269.00",9.20%,"$38,036.00"
1098,Wyoming,WY,2022-07-01,"$7,246,352.00","$680,740.00",9.40%,"$38,365.00"
1099,Wyoming,WY,2022-08-01,"$10,990,904.00","$1,237,815.00",11.30%,"$85,672.00"
1100,Wyoming,WY,2022-09-01,"$13,575,173.00","$1,932,519.00",14.20%,"$115,550.00"
1101,Wyoming,WY,2022-10-01,"$17,275,317.00","$2,039,620.00",11.80%,"$115,893.00"
1102,Wyoming,WY,2022-11-01,"$16,702,867.00","$1,478,158.00",8.80%,"$100,009.00"
1103,Wyoming,WY,2022-12-01,"$15,087,739.00","$1,803,272.00",12.00%,"$135,101.00"
1104,Wyoming,WY,2023-01-01,"$14,339,351.00","$1,587,273.00",11.10%,"$94,081.00"
1105,Wyoming,WY,2023-02-01,"$11,591,163.00","$1,106,141.00",9.50%,"$54,296.00"
1106,Wyoming,WY,2023-03-01,"$14,777,639.00","$1,837,412.00",12.40%,"$130,677.00"
1107,Wyoming,WY,2023-04-01,"$12,623,675.00","$1,264,212.00",10.00%,"$82,848.00"
1108,Wyoming,WY,2023-05-01,"$12,778,371.00","$1,306,929.00",10.20%,"$81,448.00"
1109,Wyoming,WY,2023-06-01,"$9,483,450.00","$775,389.00",8.20%,"$37,705.00"
