,state_abbr,date,handle,revenue,hold,taxes
0,AR,7/1/2019,416160.00,76885.00,0.19,9995.00
1,AR,8/1/2019,778249.00,58858.00,0.08,7652.00
2,AR,9/1/2019,2252196.00,183044.00,0.08,23796.00
3,AR,10/1/2019,2216369.00,380006.00,0.17,49401.00
4,AR,11/1/2019,2978235.00,181497.00,0.06,23595.00
5,AR,12/1/2019,2633806.00,455368.00,0.17,59198.00
6,AR,1/1/2020,2587732.00,254811.00,0.10,33263.00
7,AR,2/1/2020,4294366.00,411589.00,0.10,67494.00
8,AR,3/1/2020,1588403.00,222373.00,0.14,38310.00
9,AR,4/1/2020,0.00,0.00,0.00,0.00
10,AR,5/1/2020,509.00,-115.00,-0.23,-15.00
11,AR,6/1/2020,1189.00,10.00,0.01,1.00
12,AR,7/1/2020,179315.00,-19633.00,-0.11,-2552.00
13,AR,8/1/2020,1008992.00,69625.00,0.07,9051.00
14,AR,9/1/2020,3958748.00,397095.00,0.10,51622.00
15,AR,10/1/2020,6559859.00,940513.00,0.14,122267.00
16,AR,11/1/2020,6288249.00,975984.00,0.16,126878.00
17,AR,12/1/2020,6415446.00,1054273.00,0.16,137055.00
18,AR,1/1/2021,7187194.00,1383240.00,0.19,180474.00
19,AR,2/1/2021,4469442.00,651239.00,0.15,92922.00
20,AR,3/1/2021,5947427.00,805182.00,0.14,130877.00
21,AR,4/1/2021,4065703.00,756328.00,0.19,131137.00
22,AR,5/1/2021,3687207.00,506142.00,0.14,81710.00
23,AR,6/1/2021,3895683.00,382940.00,0.10,59088.00
24,AR,7/1/2021,2908833.00,449040.00,0.15,58375.00
25,AR,8/1/2021,2892285.00,310481.00,0.11,40363.00
26,AR,9/1/2021,7007774.00,809404.00,0.12,105223.00
27,AR,10/1/2021,9506183.00,803567.00,0.09,104464.00
28,AR,11/1/2021,8380191.00,1623434.00,0.19,211047.00
29,AR,12/1/2021,7794292.00,130305.00,0.02,6188.00
30,AR,1/1/2022,8775932.00,1181335.00,0.14,153574.00
31,AR,2/1/2022,5876444.00,359103.00,0.06,61390.00
32,AR,3/1/2022,10686501.00,791867.00,0.07,119671.00
33,AR,4/1/2022,8598226.00,749810.00,0.09,120297.00
34,AR,5/1/2022,10185647.00,615576.00,0.06,117426.00
35,AR,6/1/2022,12632207.00,4045.00,0.00,12598.00
36,AR,7/1/2022,9290467.00,854436.00,0.09,111077.00
37,AR,8/1/2022,10195911.00,1015339.00,0.10,131994.00
38,AR,9/1/2022,21185547.00,3208032.00,0.15,417044.00
39,AR,10/1/2022,26879107.00,2793719.00,0.10,363183.00
40,AR,11/1/2022,30576009.00,2999450.00,0.10,452393.00
41,AR,12/1/2022,30936485.00,3409972.00,0.11,449690.00
42,AR,1/1/2023,32976264.00,2868244.00,0.09,439379.00
43,AR,2/1/2023,29532263.00,1709714.00,0.06,254925.00
44,AR,3/1/2023,37474412.00,4264047.00,0.11,626042.00
45,AR,4/1/2023,25452659.00,2336023.00,0.09,349633.00
46,AR,5/1/2023,22777209.00,2293281.00,0.10,458656.00
47,AR,6/1/2023,22708945.00,1334973.00,0.06,266995.00
48,AR,7/1/2023,17577626.00,2077422.00,0.12,270065.00
49,AZ,9/1/2021,291212868.00,32308342.00,0.11,31393.00
50,AZ,10/1/2021,486097352.00,37510371.00,0.08,1022841.00
51,AZ,11/1/2021,466725687.00,51416143.00,0.11,3177148.00
52,AZ,12/1/2021,499213733.00,39822928.00,0.08,1723902.00
53,AZ,1/1/2022,563694591.00,41890200.00,0.07,1952971.00
54,AZ,2/1/2022,491665554.00,25629835.00,0.05,670686.00
55,AZ,3/1/2022,690979294.00,38898393.00,0.06,1864457.00
56,AZ,4/1/2022,512877848.00,30441992.00,0.06,1647450.00
57,AZ,5/1/2022,461450688.00,56193286.00,0.12,4125125.00
58,AZ,6/1/2022,318774198.00,12601356.00,0.04,766831.00
59,AZ,7/1/2022,290511533.00,22684581.00,0.08,1496427.00
60,AZ,8/1/2022,361008835.00,37161759.00,0.10,2767590.00
61,AZ,9/1/2022,537966149.00,56428816.00,0.11,3058838.00
62,AZ,10/1/2022,618570296.00,49392417.00,0.08,2963716.00
63,AZ,11/1/2022,616855045.00,56028195.00,0.09,3876208.00
64,AZ,12/1/2022,572490899.00,55581725.00,0.10,3724395.00
65,AZ,1/1/2023,591220794.00,47486817.00,0.08,2886502.00
66,AZ,2/1/2023,609278096.00,35412452.00,0.06,1609581.00
67,AZ,3/1/2023,644763991.00,53523947.00,0.08,3704268.00
68,AZ,4/1/2023,535712027.00,49163323.00,0.09,3429846.00
69,AZ,5/1/2023,451717025.00,49458507.00,0.11,3376059.00
70,AZ,6/1/2023,393198858.00,28331608.00,0.07,1633356.00
71,CO,5/1/2020,25621762.00,2565729.00,0.10,96538.00
72,CO,6/1/2020,38136949.00,3484015.00,0.09,217945.00
73,CO,7/1/2020,59183620.00,5196599.00,0.09,241731.00
74,CO,8/1/2020,128646209.00,7519599.00,0.06,189326.00
75,CO,9/1/2020,207655943.00,4166334.00,0.02,69772.00
76,CO,10/1/2020,210719821.00,17402409.00,0.08,824700.00
77,CO,11/1/2020,231238842.00,18354655.00,0.08,793820.00
78,CO,12/1/2020,284551472.00,17151867.00,0.06,531490.00
79,CO,1/1/2021,326903462.00,23144535.00,0.07,1195774.00
80,CO,2/1/2021,266549207.00,10444810.00,0.04,332227.00
81,CO,3/1/2021,300990842.00,20365119.00,0.07,1060854.00
82,CO,4/1/2021,244446760.00,17563939.00,0.07,1082611.00
83,CO,5/1/2021,248968193.00,15129108.00,0.06,633896.00
84,CO,6/1/2021,229764688.00,19730957.00,0.09,1186455.00
85,CO,7/1/2021,181327995.00,15652461.00,0.09,999111.00
86,CO,8/1/2021,211918185.00,15228343.00,0.07,728518.00
87,CO,9/1/2021,408314625.00,22658630.00,0.06,483048.00
88,CO,10/1/2021,491453342.00,28616708.00,0.06,1246804.00
89,CO,11/1/2021,475441229.00,36781848.00,0.08,1981640.00
90,CO,12/1/2021,461448574.00,24732487.00,0.05,770561.00
91,CO,1/1/2022,573720213.00,34640219.00,0.06,1447952.00
92,CO,2/1/2022,440508421.00,19604490.00,0.05,314731.00
93,CO,3/1/2022,505611080.00,28238194.00,0.06,1313076.00
94,CO,4/1/2022,392311737.00,22571887.00,0.06,1231742.00
95,CO,5/1/2022,360325438.00,27119329.00,0.08,1659189.00
96,CO,6/1/2022,313215081.00,6781092.00,0.02,268280.00
97,CO,7/1/2022,258414808.00,20802881.00,0.08,1092182.00
98,CO,8/1/2022,290107970.00,25859270.00,0.09,1822272.00
99,CO,9/1/2022,450232597.00,51339659.00,0.11,2989342.00
100,CO,10/1/2022,526619777.00,36514974.00,0.07,2330705.00
101,CO,11/1/2022,552603013.00,37569022.00,0.07,2581533.00
102,CO,12/1/2022,518088768.00,40909238.00,0.08,2583711.00
103,CO,1/1/2023,547189025.00,35482562.00,0.07,2586457.00
104,CO,2/1/2023,425142877.00,22599602.00,0.05,1257332.00
105,CO,3/1/2023,494440210.00,45935669.00,0.09,3103024.00
106,CO,4/1/2023,417814147.00,35148592.00,0.08,2582615.00
107,CO,5/1/2023,385242136.00,31406903.00,0.08,2218084.00
108,CO,6/1/2023,310656478.00,9223661.00,0.03,441951.00
109,CT,10/1/2021,54641474.00,5567547.00,0.10,512951.00
110,CT,11/1/2021,131729179.00,17456823.00,0.13,1712136.00
111,CT,12/1/2021,150073755.00,10242899.00,0.07,929336.00
112,CT,1/1/2022,158092481.00,11891808.00,0.08,1142510.00
113,CT,2/1/2022,115619953.00,5844220.00,0.05,501516.00
114,CT,3/1/2022,140747137.00,11511388.00,0.08,1037570.00
115,CT,4/1/2022,116465199.00,10353842.00,0.09,988263.00
116,CT,5/1/2022,115180155.00,10308064.00,0.09,981304.00
117,CT,6/1/2022,95421852.00,7142610.00,0.08,669453.00
118,CT,7/1/2022,78316775.00,8611816.00,0.11,859094.00
119,CT,8/1/2022,80037045.00,10882317.00,0.14,1153125.00
120,CT,9/1/2022,130547719.00,17608762.00,0.14,1777391.00
121,CT,10/1/2022,164170106.00,17012667.00,0.10,1736473.00
122,CT,11/1/2022,165026282.00,17869847.00,0.11,1942387.00
123,CT,12/1/2022,160266050.00,16268906.00,0.10,1736006.00
124,CT,1/1/2023,167673044.00,19610098.00,0.12,1919290.00
125,CT,2/1/2023,136508300.00,11626147.00,0.09,1175694.00
126,CT,3/1/2023,159997579.00,17029646.00,0.11,1855821.00
127,CT,4/1/2023,126683869.00,13610074.00,0.11,1458730.00
128,CT,5/1/2023,109421369.00,15271178.00,0.14,1645394.00
129,CT,6/1/2023,91414677.00,9752058.00,0.11,961577.00
130,CT,7/1/2023,91512897.00,11126316.00,0.12,1215313.00
131,DC,5/1/2020,9723.00,-240.00,-0.03,-138.00
132,DC,6/1/2020,223730.00,36985.00,0.17,21267.00
133,DC,7/1/2020,743330.00,144019.00,0.19,81985.00
134,DC,8/1/2020,11262442.00,1703416.00,0.15,302459.00
135,DC,9/1/2020,15455160.00,1804299.00,0.12,417406.00
136,DC,10/1/2020,18491984.00,3484946.00,0.19,712904.00
137,DC,11/1/2020,17600534.00,3611200.00,0.21,780392.00
138,DC,12/1/2020,16696995.00,2708653.00,0.16,654293.00
139,DC,1/1/2021,15746168.00,2805493.00,0.18,714407.00
140,DC,2/1/2021,15303079.00,1333019.00,0.09,418447.00
141,DC,3/1/2021,15275215.00,1867034.00,0.12,526444.00
142,DC,4/1/2021,10746937.00,2087240.00,0.19,463216.00
143,DC,5/1/2021,13772411.00,2008091.00,0.15,503584.00
144,DC,6/1/2021,19518408.00,2191486.00,0.11,465194.00
145,DC,7/1/2021,12808239.00,1801748.00,0.14,385720.00
146,DC,8/1/2021,12445312.00,1492901.00,0.12,294946.00
147,DC,9/1/2021,20706483.00,3883674.00,0.19,671465.00
148,DC,10/1/2021,26332228.00,1570660.00,0.06,460630.00
149,DC,11/1/2021,21419454.00,4434922.00,0.21,954592.00
150,DC,12/1/2021,19220227.00,1398706.00,0.07,456087.00
151,DC,1/1/2022,18627789.00,1962256.00,0.11,648862.00
152,DC,2/1/2022,19072856.00,740542.00,0.04,283248.00
153,DC,3/1/2022,20432718.00,1365996.00,0.07,379705.00
154,DC,4/1/2022,18379904.00,1431275.00,0.08,429384.00
155,DC,5/1/2022,17234140.00,2016709.00,0.12,545785.00
156,DC,6/1/2022,13760754.00,999645.00,0.07,311166.00
157,DC,7/1/2022,11346178.00,1166210.00,0.10,333989.00
158,DC,8/1/2022,13147645.00,1832685.00,0.14,448312.00
159,DC,9/1/2022,19361047.00,3530497.00,0.18,847067.00
160,DC,10/1/2022,24801500.00,3111718.00,0.13,709273.00
161,DC,11/1/2022,21401682.00,2641693.00,0.12,664840.00
162,DC,12/1/2022,18665909.00,2410628.00,0.13,619230.00
163,DC,1/1/2023,20115254.00,1494441.00,0.07,559237.00
164,DC,2/1/2023,14634828.00,1193982.00,0.08,416878.00
165,DC,3/1/2023,18091768.00,2275690.00,0.13,636507.00
166,DC,4/1/2023,14052054.00,1418907.00,0.10,484145.00
167,DC,5/1/2023,12532899.00,2024803.00,0.16,540339.00
168,DC,6/1/2023,11150333.00,484844.00,0.04,119300.00
169,DC,7/1/2023,7655687.00,1377489.00,0.18,360509.00
170,DE,6/1/2018,7003725.00,1000247.00,0.14,522962.00
171,DE,7/1/2018,8214765.00,527115.00,0.06,275671.00
172,DE,8/1/2018,8018354.00,983052.00,0.12,538543.00
173,DE,9/1/2018,23257965.00,7807511.00,0.34,4703849.00
174,DE,10/1/2018,21231427.00,2565957.00,0.12,1460148.00
175,DE,11/1/2018,24206090.00,2505848.00,0.10,1155765.00
176,DE,12/1/2018,23419539.00,5810007.00,0.25,3407848.00
177,DE,1/1/2019,14130069.00,2687370.00,0.19,1516520.00
178,DE,2/1/2019,8709205.00,-616941.00,-0.07,-483414.00
179,DE,3/1/2019,10483128.00,1879045.00,0.18,982447.00
180,DE,4/1/2019,6088183.00,703739.00,0.12,367524.00
181,DE,5/1/2019,5920766.00,464335.00,0.08,242081.00
182,DE,6/1/2019,6325464.00,533377.00,0.08,278491.00
183,DE,7/1/2019,3920974.00,579897.00,0.15,303225.00
184,DE,8/1/2019,4745747.00,586057.00,0.12,290170.00
185,DE,9/1/2019,18781406.00,5979895.00,0.32,3558378.00
186,DE,10/1/2019,16066023.00,4640776.00,0.29,2691088.00
187,DE,11/1/2019,16850854.00,4235148.00,0.25,2463260.00
188,DE,12/1/2019,20466561.00,4174862.00,0.20,2324290.00
189,DE,1/1/2020,11187011.00,2527312.00,0.23,1386819.00
190,DE,2/1/2020,7279650.00,-410665.00,-0.06,-367301.00
191,DE,3/1/2020,3877068.00,653127.00,0.17,340952.00
192,DE,4/1/2020,0.00,0.00,0.00,-104.00
193,DE,5/1/2020,0.00,0.00,0.00,-15.00
194,DE,6/1/2020,0.00,0.00,0.00,-33.00
195,DE,7/1/2020,209282.00,13845.00,0.07,7040.00
196,DE,8/1/2020,2957634.00,419561.00,0.14,220175.00
197,DE,9/1/2020,12439302.00,2803022.00,0.23,1596046.00
198,DE,10/1/2020,17086034.00,4945186.00,0.29,2877725.00
199,DE,11/1/2020,19510093.00,8162861.00,0.42,5018419.00
200,DE,12/1/2020,15696681.00,4408081.00,0.28,2645802.00
201,DE,1/1/2021,15649254.00,3288405.00,0.21,1798838.00
202,DE,2/1/2021,7519710.00,679021.00,0.09,313006.00
203,DE,3/1/2021,6666115.00,1104859.00,0.17,577524.00
204,DE,4/1/2021,5470520.00,1023199.00,0.19,534814.00
205,DE,5/1/2021,7060911.00,775611.00,0.11,404929.00
206,DE,6/1/2021,5958137.00,737984.00,0.12,385357.00
207,DE,7/1/2021,4110581.00,724765.00,0.18,378599.00
208,DE,8/1/2021,5251471.00,541621.00,0.10,269110.00
209,DE,9/1/2021,13702755.00,4420661.00,0.32,2658149.00
210,DE,10/1/2021,22238321.00,4635199.00,0.21,2625850.00
211,DE,11/1/2021,13383727.00,6226325.00,0.47,3843342.00
212,DE,12/1/2021,12638955.00,-972383.00,-0.08,-1088521.00
213,DE,1/1/2022,12637103.00,2716347.00,0.22,1989974.00
214,DE,2/1/2022,5436407.00,74297.00,0.01,15012.00
215,DE,3/1/2022,5157583.00,631099.00,0.12,331496.00
216,DE,4/1/2022,4200298.00,358171.00,0.09,188322.00
217,DE,5/1/2022,5127275.00,565508.00,0.11,296948.00
218,DE,6/1/2022,3507846.00,242316.00,0.07,127482.00
219,DE,7/1/2022,2678686.00,438069.00,0.16,229305.00
220,DE,8/1/2022,2902652.00,399945.00,0.14,226701.00
221,DE,9/1/2022,8908981.00,2915961.00,0.33,2419632.00
222,DE,10/1/2022,13545163.00,2597717.00,0.19,2084703.00
223,DE,11/1/2022,10172819.00,1622874.00,0.16,1270575.00
224,DE,12/1/2022,8157580.00,1428195.00,0.18,1196569.00
225,DE,1/1/2023,8457660.00,1714167.00,0.20,1441653.00
226,DE,2/1/2023,4120957.00,347890.00,0.08,190355.00
227,DE,3/1/2023,3491183.00,622285.00,0.18,325556.00
228,DE,4/1/2023,3450142.00,757951.00,0.22,239884.00
229,DE,5/1/2023,2760829.00,276116.00,0.10,159433.00
230,DE,6/1/2023,3128258.00,80201.00,0.03,45282.00
231,DE,7/1/2023,2256345.00,739044.00,0.33,203984.00
232,IA,8/1/2019,8576341.00,2161807.00,0.25,145922.00
233,IA,9/1/2019,38545352.00,4959745.00,0.13,334783.00
234,IA,10/1/2019,46500331.00,5658131.00,0.12,381924.00
235,IA,11/1/2019,59344806.00,3599750.00,0.06,242983.00
236,IA,12/1/2019,59258838.00,2904257.00,0.05,196037.00
237,IA,1/1/2020,58027141.00,3232696.00,0.06,218349.00
238,IA,2/1/2020,56920783.00,755334.00,0.01,50985.00
239,IA,3/1/2020,19585711.00,1185888.00,0.06,80047.00
240,IA,4/1/2020,1568497.00,150331.00,0.10,10147.00
241,IA,5/1/2020,6976637.00,501062.00,0.07,33822.00
242,IA,6/1/2020,12711201.00,620740.00,0.05,41900.00
243,IA,7/1/2020,22859622.00,2244012.00,0.10,151471.00
244,IA,8/1/2020,50313674.00,3003903.00,0.06,202763.00
245,IA,9/1/2020,72397241.00,5167816.00,0.07,348828.00
246,IA,10/1/2020,81902416.00,9080995.00,0.11,612967.00
247,IA,11/1/2020,87169919.00,8144096.00,0.09,549726.00
248,IA,12/1/2020,104815630.00,7537004.00,0.07,508748.00
249,IA,1/1/2021,149524789.00,11343303.00,0.08,765673.00
250,IA,2/1/2021,143615170.00,7708148.00,0.05,520300.00
251,IA,3/1/2021,161439561.00,13454158.00,0.08,908156.00
252,IA,4/1/2021,118355535.00,7725272.00,0.07,521456.00
253,IA,5/1/2021,114882963.00,6133477.00,0.05,414010.00
254,IA,6/1/2021,111176671.00,8424699.00,0.08,568667.00
255,IA,7/1/2021,89960118.00,8112953.00,0.09,547624.00
256,IA,8/1/2021,109149917.00,7327163.00,0.07,494584.00
257,IA,9/1/2021,216116399.00,11135516.00,0.05,751647.00
258,IA,10/1/2021,285532771.00,10840968.00,0.04,731765.00
259,IA,11/1/2021,287436570.00,19935558.00,0.07,1345650.00
260,IA,12/1/2021,266518049.00,13371197.00,0.05,902556.00
261,IA,1/1/2022,303327688.00,14269557.00,0.05,963195.00
262,IA,2/1/2022,215921313.00,8579100.00,0.04,579089.00
263,IA,3/1/2022,233525474.00,14411046.00,0.06,972746.00
264,IA,4/1/2022,177370317.00,12398243.00,0.07,836881.00
265,IA,5/1/2022,147913284.00,12630387.00,0.09,852551.00
266,IA,6/1/2022,122437950.00,6568678.00,0.05,443386.00
267,IA,7/1/2022,108556796.00,11173191.00,0.10,754190.00
268,IA,8/1/2022,122568313.00,14418923.00,0.12,973277.00
269,IA,9/1/2022,200230741.00,25417557.00,0.13,1715685.00
270,IA,10/1/2022,238788234.00,19137523.00,0.08,1291783.00
271,IA,11/1/2022,247476284.00,5802261.00,0.02,391653.00
272,IA,12/1/2022,229949570.00,20745524.00,0.09,1400323.00
273,IA,1/1/2023,233619612.00,16543361.00,0.07,1116677.00
274,IA,2/1/2023,193879638.00,11888706.00,0.06,802488.00
275,IA,3/1/2023,232614150.00,19857112.00,0.09,1340355.00
276,IA,4/1/2023,172589394.00,14127483.00,0.08,953605.00
277,IA,5/1/2023,147715126.00,16632751.00,0.11,1122711.00
278,IA,6/1/2023,115595593.00,7153370.00,0.06,482852.00
279,IA,7/1/2023,109680895.00,10602043.00,0.10,715638.00
280,IL,3/1/2020,997739.00,120054.00,0.12,12242.00
281,IL,4/1/2020,0.00,-592.00,0.00,0.00
282,IL,5/1/2020,0.00,0.00,0.00,0.00
283,IL,6/1/2020,8281803.00,812901.00,0.10,59446.00
284,IL,7/1/2020,52524612.00,4769184.00,0.09,585623.00
285,IL,8/1/2020,140065649.00,7643489.00,0.06,1176754.00
286,IL,9/1/2020,305223938.00,11754530.00,0.04,1107906.00
287,IL,10/1/2020,434567103.00,46967823.00,0.11,6807284.00
288,IL,11/1/2020,449239162.00,36974421.00,0.08,6618259.00
289,IL,12/1/2020,491720536.00,28368846.00,0.06,3823629.00
290,IL,1/1/2021,581553300.00,49365489.00,0.09,7670847.00
291,IL,2/1/2021,509794592.00,30313913.00,0.06,5850897.00
292,IL,3/1/2021,633614957.00,49884489.00,0.08,7141198.00
293,IL,4/1/2021,537158723.00,41969306.00,0.08,7067989.00
294,IL,5/1/2021,507279761.00,36554947.00,0.07,5854318.00
295,IL,6/1/2021,476517310.00,48187782.00,0.10,7684748.00
296,IL,7/1/2021,369134820.00,37292355.00,0.10,6058779.00
297,IL,8/1/2021,400359760.00,32717934.00,0.08,4321832.00
298,IL,9/1/2021,596455693.00,44579564.00,0.08,6450631.00
299,IL,10/1/2021,840440434.00,48316644.00,0.06,8459764.00
300,IL,11/1/2021,779853367.00,78227189.00,0.10,12693515.00
301,IL,12/1/2021,789600347.00,36677207.00,0.05,5436663.00
302,IL,1/1/2022,867505495.00,59343378.00,0.07,10687455.00
303,IL,2/1/2022,679374199.00,31074381.00,0.05,5720366.00
304,IL,3/1/2022,971278389.00,79421037.00,0.08,9758140.00
305,IL,4/1/2022,839386882.00,68234791.00,0.08,11321487.00
306,IL,5/1/2022,764591757.00,65214388.00,0.09,10838258.00
307,IL,6/1/2022,628459522.00,40981475.00,0.07,6576948.00
308,IL,7/1/2022,516414719.00,43849539.00,0.09,7392918.00
309,IL,8/1/2022,564837409.00,64628599.00,0.11,7694847.00
310,IL,9/1/2022,831805990.00,83533801.00,0.10,12559685.00
311,IL,10/1/2022,1029560184.00,91569752.00,0.09,16350363.00
312,IL,11/1/2022,1029615448.00,96937248.00,0.09,15581846.00
313,IL,12/1/2022,1028471257.00,81407470.00,0.08,13186151.00
314,IL,1/1/2023,1070033292.00,88552064.00,0.08,15410653.00
315,IL,2/1/2023,875387789.00,63297910.00,0.07,10967295.00
316,IL,3/1/2023,1072701361.00,107423414.00,0.10,15650984.00
317,IL,4/1/2023,898571938.00,81311927.00,0.09,14429201.00
318,IL,5/1/2023,821715719.00,91579820.00,0.11,14348947.00
319,IL,6/1/2023,665770747.00,52288208.00,0.08,8862040.00
320,IN,9/1/2019,35215418.00,8284862.00,0.24,813102.00
321,IN,10/1/2019,91697395.00,10629476.00,0.12,1096160.00
322,IN,11/1/2019,147276912.00,10593321.00,0.07,883363.00
323,IN,12/1/2019,161806795.00,12069287.00,0.08,1139147.00
324,IN,1/1/2020,171049250.00,12223222.00,0.07,1221796.00
325,IN,2/1/2020,187186221.00,10381954.00,0.06,1053811.00
326,IN,3/1/2020,74818801.00,5300191.00,0.07,522086.00
327,IN,4/1/2020,26304128.00,1629555.00,0.06,148189.00
328,IN,5/1/2020,37334940.00,3237031.00,0.09,302097.00
329,IN,6/1/2020,29783582.00,2543803.00,0.09,277600.00
330,IN,7/1/2020,70876622.00,4885514.00,0.07,644578.00
331,IN,8/1/2020,169018238.00,12601820.00,0.08,934314.00
332,IN,9/1/2020,207450106.00,11238265.00,0.05,1356952.00
333,IN,10/1/2020,230932251.00,25094814.00,0.11,2005347.00
334,IN,11/1/2020,251403994.00,25255641.00,0.10,2406175.00
335,IN,12/1/2020,313112473.00,22003606.00,0.07,2292472.00
336,IN,1/1/2021,348244676.00,31668178.00,0.09,2803021.00
337,IN,2/1/2021,273893073.00,15867143.00,0.06,1610811.00
338,IN,3/1/2021,316717762.00,27421008.00,0.09,2503311.00
339,IN,4/1/2021,236403308.00,19690320.00,0.08,1907522.00
340,IN,5/1/2021,254445226.00,18011339.00,0.07,1791053.00
341,IN,6/1/2021,246321671.00,26748803.00,0.11,2420541.00
342,IN,7/1/2021,194492669.00,17225036.00,0.09,1658052.00
343,IN,8/1/2021,215636824.00,16704438.00,0.08,1571080.00
344,IN,9/1/2021,355425184.00,33307106.00,0.09,3250964.00
345,IN,10/1/2021,461131242.00,27838472.00,0.06,2597357.00
346,IN,11/1/2021,463684739.00,47815377.00,0.10,4527177.00
347,IN,12/1/2021,463015613.00,26007133.00,0.06,2448195.00
348,IN,1/1/2022,500138648.00,29278177.00,0.06,3379560.00
349,IN,2/1/2022,409109104.00,22396131.00,0.06,1611037.00
350,IN,3/1/2022,476802783.00,32788454.00,0.07,3095106.00
351,IN,4/1/2022,360023255.00,27634092.00,0.08,2722456.00
352,IN,5/1/2022,308385687.00,31951466.00,0.10,2912607.00
353,IN,6/1/2022,256307260.00,15653583.00,0.06,1497766.00
354,IN,7/1/2022,206627688.00,20510071.00,0.10,1985587.00
355,IN,8/1/2022,237990176.00,25978248.00,0.11,2417586.00
356,IN,9/1/2022,382507090.00,50551749.00,0.13,4861450.00
357,IN,10/1/2022,446248394.00,46393925.00,0.10,4458595.00
358,IN,11/1/2022,452318954.00,40197276.00,0.09,3797331.00
359,IN,12/1/2022,431423176.00,43555139.00,0.10,4058864.00
360,IN,1/1/2023,427154794.00,35347154.00,0.08,3463540.00
361,IN,2/1/2023,356187759.00,28076424.00,0.08,2629963.00
362,IN,3/1/2023,433022775.00,43746469.00,0.10,4097409.00
363,IN,4/1/2023,321404737.00,29349149.00,0.09,2794279.00
364,IN,5/1/2023,283495510.00,33542239.00,0.12,3208916.00
365,IN,6/1/2023,224070050.00,19036099.00,0.09,1848269.00
366,IN,7/1/2023,203788074.00,23420740.00,0.12,2209488.00
367,KS,9/1/2022,160527371.00,22014698.00,0.14,129618.00
368,KS,10/1/2022,189919311.00,18582842.00,0.10,141088.00
369,KS,11/1/2022,186353708.00,19073128.00,0.10,795784.00
370,KS,12/1/2022,181977180.00,16835233.00,0.09,1026140.00
371,KS,1/1/2023,206060734.00,15105189.00,0.07,598745.00
372,KS,2/1/2023,194034469.00,-845377.00,0.00,1134.00
373,KS,3/1/2023,206287094.00,20975191.00,0.10,911159.00
374,KS,4/1/2023,132981289.00,14636899.00,0.11,919720.00
375,KS,5/1/2023,120323444.00,14550824.00,0.12,887390.00
376,KS,6/1/2023,98125865.00,8195048.00,0.08,409425.00
377,KS,7/1/2023,79715016.00,9644263.00,0.12,683176.00
378,LA,11/1/2021,27871038.00,5685706.00,0.20,568571.00
379,LA,12/1/2021,39517545.00,4380700.00,0.11,438070.00
380,LA,1/1/2022,89757060.00,7992540.00,0.09,533259.00
381,LA,2/1/2022,238413596.00,27316419.00,0.12,2421541.00
382,LA,3/1/2022,232730341.00,30943063.00,0.13,3413595.00
383,LA,4/1/2022,208255060.00,6140843.00,0.03,2573658.00
384,LA,5/1/2022,171135819.00,25691302.00,0.15,2663220.00
385,LA,6/1/2022,132438215.00,10891261.00,0.08,1424413.00
386,LA,7/1/2022,118522225.00,20980159.00,0.18,2442246.00
387,LA,8/1/2022,128251857.00,9587258.00,0.08,1775179.00
388,LA,9/1/2022,203807226.00,33390478.00,0.16,4040335.00
389,LA,10/1/2022,255805485.00,30774673.00,0.12,4308649.00
390,LA,11/1/2022,268638967.00,-25318031.00,-0.09,4244196.00
391,LA,12/1/2022,254753433.00,37290999.00,0.15,4365471.00
392,LA,1/1/2023,282269901.00,35725850.00,0.13,3330035.00
393,LA,2/1/2023,197709561.00,23295088.00,0.12,2554375.00
394,LA,3/1/2023,249280628.00,32319508.00,0.13,3590725.00
395,LA,4/1/2023,209746932.00,23414940.00,0.11,2945211.00
396,LA,5/1/2023,195123855.00,29860212.00,0.15,3579595.00
397,LA,6/1/2023,160083233.00,13981060.00,0.09,1697439.00
398,MA,1/1/2023,642630.00,-8227.00,-0.01,-1417.00
399,MA,2/1/2023,24979240.00,1486743.00,0.06,213795.00
400,MA,3/1/2023,584476649.00,48289185.00,0.08,9339417.00
401,MA,4/1/2023,574829883.00,60281564.00,0.11,11799200.00
402,MA,5/1/2023,457140440.00,62073252.00,0.14,12120399.00
403,MA,6/1/2023,327303984.00,33000352.00,0.10,6433223.00
404,MA,7/1/2023,296099657.00,30132777.00,0.10,5812041.00
405,MD,12/1/2021,16552430.00,3170001.00,0.19,469297.00
406,MD,1/1/2022,32530831.00,4375316.00,0.13,644098.00
407,MD,2/1/2022,25526148.00,955377.00,0.04,134628.00
408,MD,3/1/2022,31025892.00,3927573.00,0.13,577019.00
409,MD,4/1/2022,26908845.00,2838501.00,0.11,415801.00
410,MD,5/1/2022,23095542.00,3077031.00,0.13,452897.00
411,MD,6/1/2022,19121331.00,1309834.00,0.07,189323.00
412,MD,7/1/2022,15492757.00,2026548.00,0.13,298177.00
413,MD,8/1/2022,18650802.00,3231851.00,0.17,477840.00
414,MD,9/1/2022,31376072.00,6639776.00,0.21,984308.00
415,MD,10/1/2022,39663586.00,5309436.00,0.13,781642.00
416,MD,11/1/2022,219071374.00,30620539.00,0.14,704728.00
417,MD,12/1/2022,497121656.00,85168804.00,0.17,440043.00
418,MD,1/1/2023,441481779.00,59601405.00,0.14,2114613.00
419,MD,2/1/2023,339421546.00,40214644.00,0.12,2796880.00
420,MD,3/1/2023,385967195.00,47548313.00,0.12,5310057.00
421,MD,4/1/2023,328454397.00,35644586.00,0.11,3864686.00
422,MD,5/1/2023,320199671.00,42742217.00,0.13,4650711.00
423,MD,6/1/2023,254476790.00,27077118.00,0.11,2835051.00
424,MD,7/1/2023,247412348.00,28114521.00,0.11,3312633.00
425,MI,3/1/2020,593956.00,105548.00,0.18,8866.00
426,MI,4/1/2020,0.00,0.00,0.00,0.00
427,MI,5/1/2020,0.00,0.00,0.00,0.00
428,MI,6/1/2020,0.00,0.00,0.00,0.00
429,MI,7/1/2020,0.00,0.00,0.00,0.00
430,MI,8/1/2020,15744256.00,1977052.00,0.13,166072.00
431,MI,9/1/2020,33503929.00,4376407.00,0.13,367618.00
432,MI,10/1/2020,46120824.00,7596972.00,0.17,638146.00
433,MI,11/1/2020,25080140.00,2337638.00,0.09,196362.00
434,MI,12/1/2020,9720393.00,1883240.00,0.19,158192.00
435,MI,1/1/2021,150849896.00,17423564.00,0.12,517022.00
436,MI,2/1/2021,325569037.00,9395302.00,0.03,233294.00
437,MI,3/1/2021,383691892.00,35238593.00,0.09,1111886.00
438,MI,4/1/2021,274212630.00,21922961.00,0.08,629336.00
439,MI,5/1/2021,257748035.00,21228714.00,0.08,1140664.00
440,MI,6/1/2021,259504202.00,27244793.00,0.11,1638701.00
441,MI,7/1/2021,206267088.00,20766255.00,0.10,1241237.00
442,MI,8/1/2021,208565955.00,17536332.00,0.08,896007.00
443,MI,9/1/2021,386780231.00,27135351.00,0.07,981126.00
444,MI,10/1/2021,497565425.00,26947289.00,0.05,1129191.00
445,MI,11/1/2021,500521376.00,58762835.00,0.12,2893243.00
446,MI,12/1/2021,514630536.00,35920227.00,0.07,1201105.00
447,MI,1/1/2022,532681710.00,36647758.00,0.07,2135046.00
448,MI,2/1/2022,423768381.00,21633471.00,0.05,508254.00
449,MI,3/1/2022,477967947.00,32445133.00,0.07,1466772.00
450,MI,4/1/2022,396009819.00,32630491.00,0.08,1696097.00
451,MI,5/1/2022,356130390.00,35920231.00,0.10,1992223.00
452,MI,6/1/2022,292389429.00,15826610.00,0.05,567965.00
453,MI,7/1/2022,224966256.00,22874582.00,0.10,1307287.00
454,MI,8/1/2022,229797476.00,25654849.00,0.11,1490223.00
455,MI,9/1/2022,383102602.00,50442748.00,0.13,2601351.00
456,MI,10/1/2022,504336507.00,51362299.00,0.10,2972271.00
457,MI,11/1/2022,498118043.00,42758230.00,0.09,2494635.00
458,MI,12/1/2022,494820409.00,50450735.00,0.10,2827280.00
459,MI,1/1/2023,490904822.00,33785629.00,0.07,1716686.00
460,MI,2/1/2023,357161200.00,23134728.00,0.07,959332.00
461,MI,3/1/2023,421666037.00,46016812.00,0.11,2900149.00
462,MI,4/1/2023,338127853.00,36275215.00,0.11,2324351.00
463,MI,5/1/2023,305275755.00,36125966.00,0.12,2152149.00
464,MI,6/1/2023,235996767.00,17928415.00,0.08,825756.00
465,MS,8/1/2018,7696051.00,645057.00,0.08,77407.00
466,MS,9/1/2018,31770270.00,5503793.00,0.17,660455.00
467,MS,10/1/2018,32837334.00,1178343.00,0.04,141401.00
468,MS,11/1/2018,44499883.00,1674250.00,0.04,200910.00
469,MS,12/1/2018,41762048.00,6174224.00,0.15,740907.00
470,MS,1/1/2019,35190774.00,2793238.00,0.08,335189.00
471,MS,2/1/2019,25148135.00,2756439.00,0.11,330773.00
472,MS,3/1/2019,32421264.00,4898726.00,0.15,587847.00
473,MS,4/1/2019,19188763.00,2057834.00,0.11,246940.00
474,MS,5/1/2019,17438288.00,1191967.00,0.07,143036.00
475,MS,6/1/2019,15190666.00,1625113.00,0.11,195014.00
476,MS,7/1/2019,13383383.00,1053776.00,0.08,126453.00
477,MS,8/1/2019,19876370.00,2884348.00,0.15,346122.00
478,MS,9/1/2019,37870989.00,5631583.00,0.15,675790.00
479,MS,10/1/2019,48019481.00,12295357.00,0.26,1475443.00
480,MS,11/1/2019,56369036.00,3784071.00,0.07,454088.00
481,MS,12/1/2019,49076433.00,3478919.00,0.07,417470.00
482,MS,1/1/2020,45190371.00,4637967.00,0.10,556556.00
483,MS,2/1/2020,34462822.00,2105780.00,0.06,252694.00
484,MS,3/1/2020,10749403.00,648647.00,0.06,77838.00
485,MS,4/1/2020,0.00,0.00,0.00,0.00
486,MS,5/1/2020,236503.00,87697.00,0.37,10524.00
487,MS,6/1/2020,1575859.00,-62231.00,-0.04,-7468.00
488,MS,7/1/2020,7916665.00,1335763.00,0.17,160292.00
489,MS,8/1/2020,40489135.00,3748732.00,0.09,449848.00
490,MS,9/1/2020,52220289.00,6598931.00,0.13,791872.00
491,MS,10/1/2020,61192425.00,8769600.00,0.14,1052352.00
492,MS,11/1/2020,54443370.00,8108102.00,0.15,972972.00
493,MS,12/1/2020,55298807.00,7762542.00,0.14,931505.00
494,MS,1/1/2021,67707628.00,9114483.00,0.14,1093738.00
495,MS,2/1/2021,47807574.00,4606840.00,0.10,552821.00
496,MS,3/1/2021,50546886.00,5237031.00,0.10,628444.00
497,MS,4/1/2021,32917836.00,4300968.00,0.13,516116.00
498,MS,5/1/2021,36125896.00,3888299.00,0.11,466596.00
499,MS,6/1/2021,43099180.00,3194317.00,0.07,383318.00
500,MS,7/1/2021,30659426.00,2887695.00,0.09,346523.00
501,MS,8/1/2021,21436948.00,1886405.00,0.09,226369.00
502,MS,9/1/2021,54835753.00,8846121.00,0.16,1061535.00
503,MS,10/1/2021,83527015.00,9146353.00,0.11,1097562.00
504,MS,11/1/2021,60582141.00,9520846.00,0.16,1142502.00
505,MS,12/1/2021,56839743.00,3238730.00,0.06,388648.00
506,MS,1/1/2022,66523295.00,6521389.00,0.10,782567.00
507,MS,2/1/2022,40871618.00,1887995.00,0.05,226559.00
508,MS,3/1/2022,47523073.00,3965723.00,0.08,475887.00
509,MS,4/1/2022,35503585.00,4209290.00,0.12,505115.00
510,MS,5/1/2022,29233786.00,4006359.00,0.14,480763.00
511,MS,6/1/2022,25096238.00,2082091.00,0.08,249851.00
512,MS,7/1/2022,18296341.00,2527212.00,0.14,303265.00
513,MS,8/1/2022,21234898.00,2687465.00,0.13,322496.00
514,MS,9/1/2022,43139311.00,8779943.00,0.20,1053593.00
515,MS,10/1/2022,56199189.00,7687183.00,0.14,922462.00
516,MS,11/1/2022,73605361.00,5087585.00,0.07,610510.00
517,MS,12/1/2022,74358933.00,11297381.00,0.15,1355686.00
518,MS,1/1/2023,57223251.00,5117380.00,0.09,614086.00
519,MS,2/1/2023,39807504.00,3143541.00,0.08,377225.00
520,MS,3/1/2023,46689392.00,4953171.00,0.11,594381.00
521,MS,4/1/2023,31805004.00,4347138.00,0.14,521657.00
522,MS,5/1/2023,26761691.00,3180953.00,0.12,381714.00
523,MS,6/1/2023,20414902.00,1848676.00,0.09,221841.00
524,MS,7/1/2023,17728739.00,2463671.00,0.14,295641.00
525,MT,3/1/2020,8051.00,3130.00,0.39,1395.00
526,MT,4/1/2020,434.00,-289.00,-0.67,-199.00
527,MT,5/1/2020,113283.00,30502.00,0.27,11504.00
528,MT,6/1/2020,346600.00,68714.00,0.20,20433.00
529,MT,7/1/2020,1554924.00,170766.00,0.11,9164.00
530,MT,8/1/2020,2606465.00,240986.00,0.09,-11797.00
531,MT,9/1/2020,2452736.00,303394.00,0.12,34872.00
532,MT,10/1/2020,2935271.00,491142.00,0.17,118569.00
533,MT,11/1/2020,3184529.00,465183.00,0.15,88038.00
534,MT,12/1/2020,5568187.00,594935.00,0.11,22870.00
535,MT,1/1/2021,5142569.00,486975.00,0.10,-16369.00
536,MT,2/1/2021,3863473.00,309201.00,0.08,-46288.00
537,MT,3/1/2021,4411507.00,652401.00,0.15,126750.00
538,MT,4/1/2021,3253865.00,501413.00,0.15,105616.00
539,MT,5/1/2021,3981680.00,496740.00,0.13,59143.00
540,MT,6/1/2021,3700999.00,385441.00,0.10,9205.00
541,MT,7/1/2021,2629806.00,446624.00,0.17,110186.00
542,MT,8/1/2021,3349655.00,475519.00,0.14,84332.00
543,MT,9/1/2021,3023972.00,561587.00,0.19,155514.00
544,MT,10/1/2021,4404020.00,568817.00,0.13,77049.00
545,MT,11/1/2021,4531859.00,879240.00,0.19,255632.00
546,MT,12/1/2021,4922327.00,642265.00,0.13,90020.00
547,MT,1/1/2022,5117844.00,669464.00,0.13,94608.00
548,MT,2/1/2022,3631705.00,705841.00,0.19,205602.00
549,MT,3/1/2022,3981218.00,671606.00,0.17,164091.00
550,MT,4/1/2022,3243425.00,389693.00,0.12,39210.00
551,MT,5/1/2022,3236702.00,382130.00,0.12,35076.00
552,MT,6/1/2022,2911455.00,274694.00,0.09,-9871.00
553,MT,7/1/2022,2560000.00,274000.00,0.11,10800.00
554,MT,8/1/2022,2975100.00,440591.00,0.15,85849.00
555,MT,9/1/2022,4940321.00,975542.00,0.20,288906.00
556,MT,10/1/2022,5319627.00,681222.00,0.13,89556.00
557,MT,11/1/2022,5782523.00,777488.00,0.13,119541.00
558,MT,12/1/2022,7218595.00,931178.00,0.13,125591.00
559,MT,1/1/2023,7139581.00,979495.00,0.14,159322.00
560,MT,2/1/2023,4366807.00,560668.00,0.13,74392.00
561,MT,3/1/2023,5784045.00,925542.00,0.16,208283.00
562,MT,4/1/2023,5201964.00,633005.00,0.12,67685.00
563,MT,5/1/2023,4457829.00,666686.00,0.15,132542.00
564,MT,6/1/2023,3353974.00,282263.00,0.08,-31881.00
565,MT,7/1/2023,2587209.00,560046.00,0.22,180795.00
566,NH,12/1/2019,360726.00,44759.00,0.12,19403.00
567,NH,1/1/2020,16834974.00,1643793.00,0.10,713311.00
568,NH,2/1/2020,22130928.00,1359395.00,0.06,613679.00
569,NH,3/1/2020,8768769.00,818605.00,0.09,394229.00
570,NH,4/1/2020,3774668.00,262393.00,0.07,126090.00
571,NH,5/1/2020,7180450.00,424947.00,0.06,187743.00
572,NH,6/1/2020,8138772.00,691103.00,0.09,313156.00
573,NH,7/1/2020,11623208.00,1268688.00,0.11,602156.00
574,NH,8/1/2020,27496050.00,1367516.00,0.05,607909.00
575,NH,9/1/2020,41373620.00,2290364.00,0.06,990884.00
576,NH,10/1/2020,47055486.00,4203875.00,0.09,2001597.00
577,NH,11/1/2020,46523447.00,4770459.00,0.10,2323843.00
578,NH,12/1/2020,51649897.00,4537653.00,0.09,2137406.00
579,NH,1/1/2021,59795433.00,4197029.00,0.07,1886506.00
580,NH,2/1/2021,50995349.00,1787930.00,0.04,769387.00
581,NH,3/1/2021,55800096.00,4254732.00,0.08,1925260.00
582,NH,4/1/2021,46700713.00,3302340.00,0.07,1480847.00
583,NH,5/1/2021,42367380.00,3115230.00,0.07,1433622.00
584,NH,6/1/2021,39268179.00,3869773.00,0.10,1797118.00
585,NH,7/1/2021,36724166.00,3062545.00,0.08,1468578.00
586,NH,8/1/2021,36319740.00,1594235.00,0.04,723016.00
587,NH,9/1/2021,68123241.00,4420924.00,0.07,1887441.00
588,NH,10/1/2021,98191306.00,5409196.00,0.06,2560651.00
589,NH,11/1/2021,83168805.00,6172580.00,0.07,2926238.00
590,NH,12/1/2021,86444639.00,2641046.00,0.03,1140937.00
591,NH,1/1/2022,99540825.00,8029427.00,0.08,3875782.00
592,NH,2/1/2022,70866282.00,1019098.00,0.01,458353.00
593,NH,3/1/2022,78811441.00,5283248.00,0.07,2506863.00
594,NH,4/1/2022,73149079.00,3436446.00,0.05,1514431.00
595,NH,5/1/2022,76199157.00,5720931.00,0.08,2637599.00
596,NH,6/1/2022,53567757.00,4819197.00,0.09,2216742.00
597,NH,7/1/2022,42653152.00,4476145.00,0.11,2115043.00
598,NH,8/1/2022,43372007.00,4199240.00,0.10,1927109.00
599,NH,9/1/2022,78237751.00,7358206.00,0.09,3249389.00
600,NH,10/1/2022,91345018.00,9078684.00,0.10,4482595.00
601,NH,11/1/2022,93090530.00,4963601.00,0.05,2176120.00
602,NH,12/1/2022,90894581.00,8330161.00,0.09,3809372.00
603,NH,1/1/2023,97163182.00,12317536.00,0.13,5604577.00
604,NH,2/1/2023,86999460.00,7112918.00,0.08,3238963.00
605,NH,3/1/2023,103390747.00,4828031.00,0.05,2126879.00
606,NH,4/1/2023,65083883.00,6670481.00,0.10,2997574.00
607,NH,5/1/2023,52137614.00,7042469.00,0.14,3078160.00
608,NH,6/1/2023,39307739.00,4372429.00,0.11,1944484.00
609,NH,7/1/2023,36929342.00,3511866.00,0.10,1551250.00
610,NJ,6/1/2018,16409619.00,3458668.00,0.21,337078.00
611,NJ,7/1/2018,40682237.00,3845879.00,0.10,377015.00
612,NJ,8/1/2018,95634048.00,9197827.00,0.10,1038072.00
613,NJ,9/1/2018,183948404.00,23775812.00,0.13,2883518.00
614,NJ,10/1/2018,260711301.00,11686117.00,0.05,1536283.00
615,NJ,11/1/2018,330748563.00,21243867.00,0.06,2743339.00
616,NJ,12/1/2018,319173548.00,20814223.00,0.07,2685956.00
617,NJ,1/1/2019,385279662.00,18777582.00,0.05,2530315.00
618,NJ,2/1/2019,320368087.00,12732738.00,0.04,1981251.00
619,NJ,3/1/2019,372451342.00,31669387.00,0.09,4020740.00
620,NJ,4/1/2019,313719562.00,21215748.00,0.07,2826247.00
621,NJ,5/1/2019,318940677.00,15536384.00,0.05,2137480.00
622,NJ,6/1/2019,273222975.00,9701926.00,0.04,1254851.00
623,NJ,7/1/2019,251371272.00,17884790.00,0.07,2364941.00
624,NJ,8/1/2019,293594862.00,25210342.00,0.09,3316918.00
625,NJ,9/1/2019,445563503.00,37955171.00,0.09,5028107.00
626,NJ,10/1/2019,487924504.00,46393537.00,0.10,6241133.00
627,NJ,11/1/2019,562675543.00,32895546.00,0.06,4457889.00
628,NJ,12/1/2019,557786161.00,29424884.00,0.05,4108749.00
629,NJ,1/1/2020,540113452.00,53561626.00,0.10,7261470.00
630,NJ,2/1/2020,494814107.00,17000928.00,0.03,2461238.00
631,NJ,3/1/2020,181908529.00,13181101.00,0.07,1897069.00
632,NJ,4/1/2020,54593092.00,2634050.00,0.05,390347.00
633,NJ,5/1/2020,117821281.00,9912062.00,0.08,1427101.00
634,NJ,6/1/2020,165014553.00,12639282.00,0.08,1811121.00
635,NJ,7/1/2020,315118805.00,29551986.00,0.09,4041649.00
636,NJ,8/1/2020,667979150.00,39507182.00,0.06,5413671.00
637,NJ,9/1/2020,748037246.00,45127763.00,0.06,6169023.00
638,NJ,10/1/2020,801196298.00,58403209.00,0.07,8166439.00
639,NJ,11/1/2020,930367718.00,50410546.00,0.05,6851928.00
640,NJ,12/1/2020,995567756.00,66301567.00,0.07,9091303.00
641,NJ,1/1/2021,957353407.00,82209293.00,0.09,11341542.00
642,NJ,2/1/2021,742849328.00,46222846.00,0.06,6367031.00
643,NJ,3/1/2021,857732524.00,60624773.00,0.07,8495171.00
644,NJ,4/1/2021,746810150.00,54711189.00,0.07,7452186.00
645,NJ,5/1/2021,813517681.00,52826372.00,0.07,7405859.00
646,NJ,6/1/2021,765665331.00,71134768.00,0.09,9620806.00
647,NJ,7/1/2021,576917625.00,54800465.00,0.10,7591288.00
648,NJ,8/1/2021,664675859.00,52023081.00,0.08,7329603.00
649,NJ,9/1/2021,1011114311.00,82280645.00,0.08,11212782.00
650,NJ,10/1/2021,1303198342.00,84311810.00,0.07,11661062.00
651,NJ,11/1/2021,1258189436.00,114788726.00,0.09,16038097.00
652,NJ,12/1/2021,1229561891.00,59047673.00,0.05,8221034.00
653,NJ,1/1/2022,1348860083.00,60195902.00,0.05,8774160.00
654,NJ,2/1/2022,985568313.00,30873369.00,0.03,4678782.00
655,NJ,3/1/2022,1120904954.00,66404370.00,0.06,9068529.00
656,NJ,4/1/2022,926946780.00,50345808.00,0.05,7055550.00
657,NJ,5/1/2022,766412352.00,61594016.00,0.08,8773059.00
658,NJ,6/1/2022,633184861.00,39245213.00,0.06,5404026.00
659,NJ,7/1/2022,531888333.00,45007343.00,0.09,6386976.00
660,NJ,8/1/2022,546774395.00,65272385.00,0.12,9138137.00
661,NJ,9/1/2022,866719412.00,97981122.00,0.11,13352085.00
662,NJ,10/1/2022,1060154535.00,77907041.00,0.07,10853450.00
663,NJ,11/1/2022,1101622966.00,80426931.00,0.07,11497129.00
664,NJ,12/1/2022,1055556994.00,87701471.00,0.08,12444016.00
665,NJ,1/1/2023,1082233033.00,72330439.00,0.07,10345867.00
666,NJ,2/1/2023,847405611.00,54621220.00,0.06,7808167.00
667,NJ,3/1/2023,1025779225.00,93039999.00,0.09,13083369.00
668,NJ,4/1/2023,833980925.00,72304036.00,0.09,10118510.00
669,NJ,5/1/2023,778854263.00,82165404.00,0.11,11496202.00
670,NJ,6/1/2023,591081897.00,66356838.00,0.11,9218174.00
671,NJ,7/1/2023,587019749.00,61013433.00,0.10,8467678.00
672,NV,6/1/2018,286282315.00,20172000.00,0.07,1361610.00
673,NV,7/1/2018,245109818.00,4061000.00,0.02,274118.00
674,NV,8/1/2018,247622046.00,12603000.00,0.05,850703.00
675,NV,9/1/2018,571371045.00,56304000.00,0.10,3800520.00
676,NV,10/1/2018,528086065.00,29547000.00,0.06,1994423.00
677,NV,11/1/2018,580693817.00,27136000.00,0.05,1831680.00
678,NV,12/1/2018,562133600.00,44106000.00,0.08,2977155.00
679,NV,1/1/2019,496689151.00,14626000.00,0.03,987255.00
680,NV,2/1/2019,458498365.00,35816000.00,0.08,2417580.00
681,NV,3/1/2019,597045387.00,32523000.00,0.05,2195303.00
682,NV,4/1/2019,328025447.00,21656000.00,0.07,1461780.00
683,NV,5/1/2019,317511432.00,11267000.00,0.04,760523.00
684,NV,6/1/2019,322050433.00,16588000.00,0.05,1119690.00
685,NV,7/1/2019,235961371.00,10534000.00,0.05,711045.00
686,NV,8/1/2019,287811624.00,18733000.00,0.07,1264478.00
687,NV,9/1/2019,546193707.00,52069000.00,0.10,3514658.00
688,NV,10/1/2019,543922446.00,47886000.00,0.09,3232305.00
689,NV,11/1/2019,614070720.00,31012000.00,0.05,2093310.00
690,NV,12/1/2019,571142557.00,36327000.00,0.06,2452073.00
691,NV,1/1/2020,502279982.00,20152000.00,0.04,1360260.00
692,NV,2/1/2020,491705606.00,38064000.00,0.08,2569320.00
693,NV,3/1/2020,141108201.00,1455000.00,0.01,98213.00
694,NV,4/1/2020,28131869.00,1334500.00,0.05,90079.00
695,NV,5/1/2020,28131869.00,1334500.00,0.05,90079.00
696,NV,6/1/2020,78152387.00,-483000.00,-0.01,-32602.00
697,NV,7/1/2020,163552030.00,6295000.00,0.04,424913.00
698,NV,8/1/2020,474948414.00,16985000.00,0.04,1146488.00
699,NV,9/1/2020,575144025.00,32895000.00,0.06,2220413.00
700,NV,10/1/2020,659899331.00,42388000.00,0.06,2861190.00
701,NV,11/1/2020,609376849.00,61807000.00,0.10,4171973.00
702,NV,12/1/2020,587056304.00,40573000.00,0.07,2738678.00
703,NV,1/1/2021,646491632.00,52381000.00,0.08,3535718.00
704,NV,2/1/2021,554058173.00,31846000.00,0.06,2149605.00
705,NV,3/1/2021,640984932.00,39346000.00,0.06,2655855.00
706,NV,4/1/2021,458251710.00,27210000.00,0.06,1836675.00
707,NV,5/1/2021,477191062.00,27079000.00,0.06,1827833.00
708,NV,6/1/2021,545367518.00,29186000.00,0.05,1970055.00
709,NV,7/1/2021,409659756.00,33278000.00,0.08,2246265.00
710,NV,8/1/2021,427425369.00,14342000.00,0.03,968085.00
711,NV,9/1/2021,786508562.00,54205000.00,0.07,3658838.00
712,NV,10/1/2021,1100712575.00,48312000.00,0.04,3261060.00
713,NV,11/1/2021,1086010454.00,71971000.00,0.07,4858043.00
714,NV,12/1/2021,1014986618.00,15960000.00,0.02,1077300.00
715,NV,1/1/2022,1034818801.00,49997000.00,0.05,3374798.00
716,NV,2/1/2022,780768853.00,30920000.00,0.04,2087100.00
717,NV,3/1/2022,863283921.00,36926000.00,0.04,2492505.00
718,NV,4/1/2022,582529725.00,25368000.00,0.04,1712340.00
719,NV,5/1/2022,562000848.00,26999000.00,0.05,1822433.00
720,NV,6/1/2022,490558644.00,23835000.00,0.05,1608863.00
721,NV,7/1/2022,419372311.00,18591000.00,0.04,1254893.00
722,NV,8/1/2022,408935554.00,16072000.00,0.04,1084860.00
723,NV,9/1/2022,760891578.00,70629000.00,0.09,4767458.00
724,NV,10/1/2022,968629230.00,56859000.00,0.06,3837983.00
725,NV,11/1/2022,929046456.00,37671000.00,0.04,2542793.00
726,NV,12/1/2022,880380248.00,55204000.00,0.06,3726270.00
727,NV,1/1/2023,935792553.00,50440000.00,0.05,3404700.00
728,NV,2/1/2023,659079542.00,41277000.00,0.06,2786198.00
729,NV,3/1/2023,829842964.00,43851000.00,0.05,2959943.00
730,NV,4/1/2023,580550628.00,30533000.00,0.05,2060978.00
731,NV,5/1/2023,527205770.00,30064000.00,0.06,2029320.00
732,NV,6/1/2023,479039381.00,9503000.00,0.02,641453.00
733,NY,7/1/2019,1365470.00,349468.00,0.26,34947.00
734,NY,8/1/2019,4647958.00,828152.00,0.18,82815.00
735,NY,9/1/2019,13060944.00,2283864.00,0.18,228386.00
736,NY,10/1/2019,14852615.00,2233227.00,0.15,223323.00
737,NY,11/1/2019,17161294.00,1308295.00,0.08,130830.00
738,NY,12/1/2019,16872506.00,780417.00,0.05,78042.00
739,NY,1/1/2020,17169303.00,1943351.00,0.11,194335.00
740,NY,2/1/2020,12872999.00,-179592.00,-0.01,-17959.00
741,NY,3/1/2020,4186276.00,99514.00,0.02,9951.00
742,NY,4/1/2020,0.00,0.00,0.00,0.00
743,NY,5/1/2020,0.00,0.00,0.00,0.00
744,NY,6/1/2020,0.00,0.00,0.00,0.00
745,NY,7/1/2020,0.00,0.00,0.00,0.00
746,NY,8/1/2020,0.00,0.00,0.00,0.00
747,NY,9/1/2020,10092604.00,1403544.00,0.14,140354.00
748,NY,10/1/2020,18107259.00,2623464.00,0.15,262346.00
749,NY,11/1/2020,17096321.00,2619676.00,0.15,261968.00
750,NY,12/1/2020,18584384.00,2258771.00,0.12,225877.00
751,NY,1/1/2021,20942309.00,3569855.00,0.17,356986.00
752,NY,2/1/2021,14018760.00,1153275.00,0.08,115327.00
753,NY,3/1/2021,16529015.00,1845684.00,0.11,184568.00
754,NY,4/1/2021,13537156.00,1322623.00,0.10,132262.00
755,NY,5/1/2021,14145742.00,1590113.00,0.11,159011.00
756,NY,6/1/2021,14239819.00,1858642.00,0.13,185864.00
757,NY,7/1/2021,9338107.00,1273621.00,0.14,127362.00
758,NY,8/1/2021,9153603.00,1080570.00,0.12,108057.00
759,NY,9/1/2021,17355781.00,3187045.00,0.18,318704.00
760,NY,10/1/2021,25567296.00,1718615.00,0.07,171861.00
761,NY,11/1/2021,21519094.00,3956491.00,0.18,395649.00
762,NY,12/1/2021,21129981.00,764615.00,0.04,76461.00
763,NY,1/1/2022,1058862137.00,64825014.00,0.06,33195577.00
764,NY,2/1/2022,1210678939.00,62361305.00,0.05,31903692.00
765,NY,3/1/2022,1371402413.00,93373728.00,0.07,47344201.00
766,NY,4/1/2022,1396791941.00,104535898.00,0.08,53151656.00
767,NY,5/1/2022,1269862570.00,110418075.00,0.09,56055234.00
768,NY,6/1/2022,1056694011.00,72441501.00,0.07,36936704.00
769,NY,7/1/2022,804966381.00,73880416.00,0.09,37449978.00
770,NY,8/1/2022,877407454.00,100760793.00,0.12,50912979.00
771,NY,9/1/2022,1265553629.00,145039867.00,0.12,73270471.00
772,NY,10/1/2022,1555051006.00,146845937.00,0.09,74403028.00
773,NY,11/1/2022,1564144672.00,149244901.00,0.10,75695441.00
774,NY,12/1/2022,1632469011.00,142969451.00,0.09,72422558.00
775,NY,1/1/2023,1799048366.00,149886749.00,0.08,76253908.00
776,NY,2/1/2023,1474299932.00,108470835.00,0.07,55242679.00
777,NY,3/1/2023,1792885345.00,163582116.00,0.09,83117519.00
778,NY,4/1/2023,1550014914.00,139265045.00,0.09,70842936.00
779,NY,5/1/2023,1363794316.00,152643135.00,0.11,77571580.00
780,NY,6/1/2023,1170989676.00,103956640.00,0.09,52965055.00
781,NY,7/1/2023,966555215.00,105510883.00,0.11,53655339.00
782,OH,1/1/2023,1114101739.00,209037382.00,0.19,20922360.00
783,OH,2/1/2023,639795553.00,82879569.00,0.13,8306002.00
784,OH,3/1/2023,738613175.00,95313123.00,0.13,9551057.00
785,OH,4/1/2023,521703584.00,63819857.00,0.12,6405348.00
786,OH,5/1/2023,447477360.00,57949810.00,0.13,5819482.00
787,OH,6/1/2023,363066723.00,32598466.00,0.09,3276237.00
788,OR,10/1/2019,5605244.00,220396.00,0.04,110198.00
789,OR,11/1/2019,17115418.00,960713.00,0.06,480357.00
790,OR,12/1/2019,22551454.00,1743231.00,0.08,871616.00
791,OR,1/1/2020,21151594.00,1773805.00,0.08,886903.00
792,OR,2/1/2020,20899824.00,1481198.00,0.07,740599.00
793,OR,3/1/2020,9007678.00,937750.00,0.10,468875.00
794,OR,4/1/2020,4430649.00,392769.00,0.09,196385.00
795,OR,5/1/2020,7290190.00,598062.00,0.08,299031.00
796,OR,6/1/2020,7921865.00,777904.00,0.10,388952.00
797,OR,7/1/2020,14042424.00,1003039.00,0.07,501520.00
798,OR,8/1/2020,25845402.00,1662406.00,0.06,831203.00
799,OR,9/1/2020,26174305.00,1527244.00,0.06,763622.00
800,OR,10/1/2020,29455226.00,2751146.00,0.09,1375573.00
801,OR,11/1/2020,25039883.00,4116313.00,0.16,2058157.00
802,OR,12/1/2020,26987301.00,3050783.00,0.11,1525392.00
803,OR,1/1/2021,34935889.00,3872606.00,0.11,1936303.00
804,OR,2/1/2021,29600150.00,2684776.00,0.09,1342388.00
805,OR,3/1/2021,24054959.00,1374379.00,0.06,687190.00
806,OR,4/1/2021,25323060.00,2729278.00,0.11,1364639.00
807,OR,5/1/2021,27780213.00,2350289.00,0.09,1175145.00
808,OR,6/1/2021,24903118.00,2841767.00,0.11,1420884.00
809,OR,7/1/2021,18189572.00,2173573.00,0.12,1086787.00
810,OR,8/1/2021,17686201.00,1063136.00,0.06,531568.00
811,OR,9/1/2021,25070340.00,1259745.00,0.05,629873.00
812,OR,10/1/2021,37639043.00,3022299.00,0.08,1511150.00
813,OR,11/1/2021,32673216.00,4428659.00,0.14,2214330.00
814,OR,12/1/2021,33743753.00,2597501.00,0.08,1298751.00
815,OR,1/1/2022,42899736.00,2389280.00,0.06,1194640.00
816,OR,2/1/2022,39458431.00,3335165.00,0.09,1667583.00
817,OR,3/1/2022,36208012.00,3620610.00,0.10,1810305.00
818,OR,4/1/2022,42936414.00,3824163.00,0.09,1912082.00
819,OR,5/1/2022,41708882.00,5034037.00,0.12,2517019.00
820,OR,6/1/2022,33966897.00,2548191.00,0.08,1274096.00
821,OR,7/1/2022,28453425.00,2700257.00,0.10,1350129.00
822,OR,8/1/2022,28196192.00,2707041.00,0.10,1353521.00
823,OR,9/1/2022,39292036.00,5465182.00,0.14,2732591.00
824,OR,10/1/2022,55555465.00,5783451.00,0.10,2891726.00
825,OR,11/1/2022,55503997.00,6418578.00,0.12,3209289.00
826,OR,12/1/2022,53806188.00,5693398.00,0.11,2846699.00
827,OR,1/1/2023,62328292.00,7546964.00,0.12,3773482.00
828,OR,2/1/2023,48425409.00,4261284.00,0.09,2130642.00
829,OR,3/1/2023,50456710.00,6088343.00,0.12,3044172.00
830,PA,11/1/2018,1414587.00,508997.00,0.36,183239.00
831,PA,12/1/2018,16173090.00,2007592.00,0.12,722733.00
832,PA,1/1/2019,32011839.00,2607215.00,0.08,938597.00
833,PA,2/1/2019,31500742.00,1946817.00,0.06,700854.00
834,PA,3/1/2019,44527575.00,5519340.00,0.12,1986962.00
835,PA,4/1/2019,36769145.00,4221482.00,0.12,1519734.00
836,PA,5/1/2019,35934215.00,2861852.00,0.08,1030267.00
837,PA,6/1/2019,46334244.00,3126380.00,0.07,740455.00
838,PA,7/1/2019,59331959.00,5074431.00,0.09,1026769.00
839,PA,8/1/2019,109038051.00,9887738.00,0.09,2201406.00
840,PA,9/1/2019,194504622.00,19334816.00,0.10,5359994.00
841,PA,10/1/2019,241186066.00,19116777.00,0.08,5381370.00
842,PA,11/1/2019,316468264.00,20570772.00,0.07,5299447.00
843,PA,12/1/2019,342560389.00,17459091.00,0.05,4094813.00
844,PA,1/1/2020,348381708.00,31580803.00,0.09,8222829.00
845,PA,2/1/2020,329765782.00,11432097.00,0.04,1700011.00
846,PA,3/1/2020,131330059.00,8606120.00,0.07,2480132.00
847,PA,4/1/2020,46015988.00,3202680.00,0.07,1038049.00
848,PA,5/1/2020,77510033.00,5918697.00,0.08,1738436.00
849,PA,6/1/2020,89002562.00,7959790.00,0.09,2397657.00
850,PA,7/1/2020,164782229.00,13651865.00,0.08,2933093.00
851,PA,8/1/2020,364985422.00,27593677.00,0.08,6578667.00
852,PA,9/1/2020,462787392.00,18278779.00,0.04,2257158.00
853,PA,10/1/2020,525802524.00,47834647.00,0.09,13239693.00
854,PA,11/1/2020,491910713.00,48500443.00,0.10,13446089.00
855,PA,12/1/2020,548590065.00,45344348.00,0.08,12261434.00
856,PA,1/1/2021,615294827.00,49305268.00,0.08,12229342.00
857,PA,2/1/2021,509547820.00,33171120.00,0.07,5896731.00
858,PA,3/1/2021,560259181.00,41029269.00,0.07,10566844.00
859,PA,4/1/2021,479411021.00,36033727.00,0.08,9466734.00
860,PA,5/1/2021,447465027.00,37419313.00,0.08,9988734.00
861,PA,6/1/2021,420193377.00,42495332.00,0.10,12321187.00
862,PA,7/1/2021,304415503.00,27482519.00,0.09,7148225.00
863,PA,8/1/2021,348520369.00,25315958.00,0.07,6482608.00
864,PA,9/1/2021,578760746.00,48113670.00,0.08,10171364.00
865,PA,10/1/2021,776277954.00,42282405.00,0.05,8471814.00
866,PA,11/1/2021,761574597.00,84921693.00,0.11,22920716.00
867,PA,12/1/2021,750388696.00,37953474.00,0.05,6774396.00
868,PA,1/1/2022,793722787.00,53403655.00,0.07,11581175.00
869,PA,2/1/2022,597064049.00,22160553.00,0.04,-159425.00
870,PA,3/1/2022,714976578.00,48512264.00,0.07,10944209.00
871,PA,4/1/2022,572817741.00,49083331.00,0.09,12120141.00
872,PA,5/1/2022,493350519.00,47828553.00,0.10,12603546.00
873,PA,6/1/2022,393494222.00,22889554.00,0.06,4597039.00
874,PA,7/1/2022,336507932.00,33226517.00,0.10,9160020.00
875,PA,8/1/2022,363046972.00,42185145.00,0.12,12223188.00
876,PA,9/1/2022,645242681.00,75319093.00,0.12,18078109.00
877,PA,10/1/2022,797124732.00,61519576.00,0.08,14585047.00
878,PA,11/1/2022,789230672.00,69997949.00,0.09,19037133.00
879,PA,12/1/2022,754849873.00,71238770.00,0.09,19664738.00
880,PA,1/1/2023,772289648.00,57982069.00,0.08,14130145.00
881,PA,2/1/2023,599529429.00,62214502.00,0.10,15562864.00
882,PA,3/1/2023,723545806.00,66465774.00,0.09,18232293.00
883,PA,4/1/2023,572152803.00,51786464.00,0.09,13333004.00
884,PA,5/1/2023,495585360.00,57533744.00,0.12,14797653.00
885,PA,6/1/2023,373171415.00,33866725.00,0.09,8301627.00
886,PA,7/1/2023,338450263.00,39406353.00,0.12,11552323.00
887,RI,11/1/2018,682714.00,72997.00,0.11,37228.00
888,RI,12/1/2018,13087999.00,957913.00,0.07,488536.00
889,RI,1/1/2019,19051125.00,159978.00,0.01,81589.00
890,RI,2/1/2019,20686618.00,-890623.00,-0.04,-454218.00
891,RI,3/1/2019,23582716.00,1548230.00,0.07,789597.00
892,RI,4/1/2019,16859818.00,1970110.00,0.12,1004756.00
893,RI,5/1/2019,18900152.00,899165.00,0.05,458574.00
894,RI,6/1/2019,14736667.00,2149999.00,0.15,1096499.00
895,RI,7/1/2019,8321947.00,827579.00,0.10,422065.00
896,RI,8/1/2019,10060066.00,851788.00,0.09,434412.00
897,RI,9/1/2019,22195789.00,2516059.00,0.11,1283190.00
898,RI,10/1/2019,28281025.00,2457137.00,0.09,1253140.00
899,RI,11/1/2019,31465062.00,2745517.00,0.09,1400214.00
900,RI,12/1/2019,31670511.00,2571755.00,0.08,1311595.00
901,RI,1/1/2020,26939692.00,3279241.00,0.12,1672413.00
902,RI,2/1/2020,28147862.00,2323432.00,0.08,1184950.00
903,RI,3/1/2020,8949157.00,841767.00,0.09,429301.00
904,RI,4/1/2020,591377.00,27381.00,0.05,13964.00
905,RI,5/1/2020,1533114.00,163472.00,0.11,83371.00
906,RI,6/1/2020,2032803.00,101328.00,0.05,51677.00
907,RI,7/1/2020,6738626.00,351425.00,0.05,179227.00
908,RI,8/1/2020,23116965.00,1423391.00,0.06,725929.00
909,RI,9/1/2020,31293150.00,2352788.00,0.08,1199922.00
910,RI,10/1/2020,34704413.00,4388841.00,0.13,2238309.00
911,RI,11/1/2020,35098445.00,6281321.00,0.18,3203474.00
912,RI,12/1/2020,22770472.00,2533090.00,0.11,1291876.00
913,RI,1/1/2021,39817327.00,3717199.00,0.09,1895771.00
914,RI,2/1/2021,34110104.00,1555824.00,0.05,793470.00
915,RI,3/1/2021,38583919.00,3976140.00,0.10,2027831.00
916,RI,4/1/2021,29040966.00,3168532.00,0.11,1615951.00
917,RI,5/1/2021,28252139.00,2772910.00,0.10,1414184.00
918,RI,6/1/2021,29468571.00,3666029.00,0.12,1869675.00
919,RI,7/1/2021,22095960.00,3263276.00,0.15,1664271.00
920,RI,8/1/2021,24042834.00,1129859.00,0.05,576228.00
921,RI,9/1/2021,41203997.00,4012295.00,0.10,2046270.00
922,RI,10/1/2021,60158844.00,3608570.00,0.06,1840371.00
923,RI,11/1/2021,52747831.00,6703144.00,0.13,3418603.00
924,RI,12/1/2021,54935498.00,1177717.00,0.02,600636.00
925,RI,1/1/2022,58614487.00,5228277.00,0.09,2666421.00
926,RI,2/1/2022,42143261.00,3566393.00,0.09,1818860.00
927,RI,3/1/2022,45766958.00,3738223.00,0.08,1906494.00
928,RI,4/1/2022,40186632.00,2632134.00,0.07,1342388.00
929,RI,5/1/2022,41103489.00,2336733.00,0.06,1191734.00
930,RI,6/1/2022,34229823.00,2352896.00,0.07,1199977.00
931,RI,7/1/2022,25208531.00,2872076.00,0.11,1464759.00
932,RI,8/1/2022,27744694.00,3000421.00,0.11,1530215.00
933,RI,9/1/2022,41670257.00,6361823.00,0.15,3244530.00
934,RI,10/1/2022,55527937.00,6156914.00,0.11,3140026.00
935,RI,11/1/2022,61208319.00,4862856.00,0.08,2480057.00
936,RI,12/1/2022,59205426.00,6189316.00,0.11,3156551.00
937,RI,1/1/2023,62317384.00,5164799.00,0.08,2634047.00
938,RI,2/1/2023,43065996.00,3612113.00,0.08,1842178.00
939,RI,3/1/2023,41546643.00,3968567.00,0.10,2023969.00
940,RI,4/1/2023,37496094.00,3009679.00,0.08,1534936.00
941,RI,5/1/2023,30754497.00,3898405.00,0.13,1988187.00
942,RI,6/1/2023,23723659.00,1783530.00,0.08,909600.00
943,SD,9/1/2021,443365.00,71320.00,0.16,6419.00
944,SD,10/1/2021,815037.00,98037.00,0.12,8823.00
945,SD,11/1/2021,717775.00,74919.00,0.10,6743.00
946,SD,12/1/2021,675312.00,10306.00,0.02,928.00
947,SD,1/1/2022,835252.00,82291.00,0.10,7406.00
948,SD,2/1/2022,685631.00,81367.00,0.12,7323.00
949,SD,3/1/2022,975347.00,97643.00,0.10,8788.00
950,SD,4/1/2022,368517.00,86938.00,0.24,7824.00
951,SD,5/1/2022,307995.00,25102.00,0.08,2259.00
952,SD,6/1/2022,301217.00,27869.00,0.09,2508.00
953,SD,7/1/2022,259180.00,16143.00,0.06,1453.00
954,SD,8/1/2022,266673.00,59053.00,0.22,5315.00
955,SD,9/1/2022,711577.00,211612.00,0.30,19045.00
956,SD,10/1/2022,862170.00,131749.00,0.15,11857.00
957,SD,11/1/2022,861660.00,75856.00,0.09,6827.00
958,SD,12/1/2022,757610.00,151374.00,0.20,13624.00
959,SD,1/1/2023,910312.00,123365.00,0.14,11103.00
960,SD,2/1/2023,717137.00,82853.00,0.12,7457.00
961,SD,3/1/2023,923904.00,161368.00,0.18,14523.00
962,SD,4/1/2023,493045.00,22503.00,0.05,2025.00
963,SD,5/1/2023,528562.00,22536.00,0.04,2028.00
964,SD,6/1/2023,417025.00,-9254.00,-0.02,-833.00
965,TN,11/1/2020,131444523.00,13224908.00,0.10,2363918.00
966,TN,12/1/2020,180900000.00,13900000.00,0.08,3080000.00
967,TN,1/1/2021,211300000.00,20900000.00,0.10,4300000.00
968,TN,2/1/2021,176300000.00,13000000.00,0.07,2600000.00
969,TN,3/1/2021,205900000.00,18000000.00,0.09,3200000.00
970,TN,4/1/2021,172400000.00,15500000.00,0.09,2800000.00
971,TN,5/1/2021,160900000.00,15400000.00,0.10,2700000.00
972,TN,6/1/2021,174500000.00,18300000.00,0.11,3200000.00
973,TN,7/1/2021,144559000.00,15172000.00,0.11,2600000.00
974,TN,8/1/2021,144500000.00,13200000.00,0.09,2000000.00
975,TN,9/1/2021,257300000.00,25600000.00,0.10,3300000.00
976,TN,10/1/2021,375300000.00,23300000.00,0.06,3400000.00
977,TN,11/1/2021,365700000.00,36900000.00,0.10,5900000.00
978,TN,12/1/2021,341800000.00,24600000.00,0.07,3300000.00
979,TN,1/1/2022,386059756.00,36249453.00,0.09,5817504.00
980,TN,2/1/2022,313298305.00,20945018.00,0.07,3026574.00
981,TN,3/1/2022,370230004.00,26520468.00,0.07,4550242.00
982,TN,4/1/2022,292796670.00,27142800.00,0.09,4649129.00
983,TN,5/1/2022,261582468.00,27315928.00,0.10,4766458.00
984,TN,6/1/2022,215774186.00,15855649.00,0.07,2559649.00
985,TN,7/1/2022,182769323.00,18174226.00,0.10,3668804.00
986,TN,8/1/2022,205863860.00,27200883.00,0.13,4875847.00
987,TN,9/1/2022,336933437.00,46285200.00,0.14,8716963.00
988,TN,10/1/2022,405337575.00,37295159.00,0.09,6989818.00
989,TN,11/1/2022,439456908.00,47248222.00,0.11,9030021.00
990,TN,12/1/2022,440445414.00,49176885.00,0.11,9401952.00
991,TN,1/1/2023,410773606.00,41392586.00,0.10,7269600.00
992,TN,2/1/2023,327326201.00,33943931.00,0.10,6380150.00
993,TN,3/1/2023,392667304.00,45506700.00,0.12,8752898.00
994,TN,4/1/2023,318416216.00,34257592.00,0.11,6435653.00
995,TN,5/1/2023,279794996.00,37097192.00,0.13,7145077.00
996,TN,6/1/2023,230337515.00,25526655.00,0.11,4635761.00
997,TN,7/1/2023,214114055.00,22181055.00,0.10,3951411.00
998,VA,1/1/2021,58896564.00,3586077.00,0.06,39710.00
999,VA,2/1/2021,265778306.00,12238780.00,0.05,300594.00
1000,VA,3/1/2021,304066245.00,26573877.00,0.09,1183488.00
1001,VA,4/1/2021,236432524.00,19442317.00,0.08,1652147.00
1002,VA,5/1/2021,226963573.00,23173549.00,0.10,2381116.00
1003,VA,6/1/2021,234943435.00,22006296.00,0.09,2273995.00
1004,VA,7/1/2021,161901955.00,19965556.00,0.12,1864433.00
1005,VA,8/1/2021,182418252.00,17967427.00,0.10,1378540.00
1006,VA,9/1/2021,293851531.00,30929243.00,0.11,1557499.00
1007,VA,10/1/2021,427320306.00,30160385.00,0.07,1746204.00
1008,VA,11/1/2021,402621132.00,48337037.00,0.12,4233167.00
1009,VA,12/1/2021,426596891.00,31515015.00,0.07,1729130.00
1010,VA,1/1/2022,485544417.00,39050067.00,0.08,2876609.00
1011,VA,2/1/2022,401889135.00,27498133.00,0.07,1406280.00
1012,VA,3/1/2022,469484017.00,33700016.00,0.07,2116289.00
1013,VA,4/1/2022,399478366.00,36275264.00,0.09,3040327.00
1014,VA,5/1/2022,351452931.00,42537524.00,0.12,3896270.00
1015,VA,6/1/2022,295235271.00,25965182.00,0.09,1871961.00
1016,VA,7/1/2022,266001583.00,26024408.00,0.10,3060304.00
1017,VA,8/1/2022,284671331.00,36978897.00,0.13,4474132.00
1018,VA,9/1/2022,411273323.00,53821382.00,0.13,7257403.00
1019,VA,10/1/2022,528029938.00,51164199.00,0.10,6956643.00
1020,VA,11/1/2022,518818987.00,57531255.00,0.11,7782639.00
1021,VA,12/1/2022,503075150.00,50687278.00,0.10,7026829.00
1022,VA,1/1/2023,510982033.00,49393812.00,0.10,6368899.00
1023,VA,2/1/2023,433807108.00,39766908.00,0.09,4682125.00
1024,VA,3/1/2023,511614541.00,55258910.00,0.11,7413213.00
1025,VA,4/1/2023,425982859.00,45121878.00,0.11,5799965.00
1026,VA,5/1/2023,403719160.00,48144550.00,0.12,6285305.00
1027,VA,6/1/2023,325455052.00,32668024.00,0.10,3939701.00
1028,WV,8/1/2018,305192.00,196945.00,0.65,19695.00
1029,WV,9/1/2018,7333626.00,1967318.00,0.27,196732.00
1030,WV,10/1/2018,11147951.00,854974.00,0.08,85497.00
1031,WV,11/1/2018,13826231.00,1207363.00,0.09,120736.00
1032,WV,12/1/2018,15183234.00,2396963.00,0.16,239696.00
1033,WV,1/1/2019,19740035.00,1400944.00,0.07,140094.00
1034,WV,2/1/2019,16845338.00,228286.00,0.01,22829.00
1035,WV,3/1/2019,15088168.00,1818636.00,0.12,183773.00
1036,WV,4/1/2019,10978040.00,699185.00,0.06,69918.00
1037,WV,5/1/2019,9429073.00,719098.00,0.08,71910.00
1038,WV,6/1/2019,7925849.00,425216.00,0.05,42522.00
1039,WV,7/1/2019,6944761.00,694934.00,0.10,69493.00
1040,WV,8/1/2019,11563468.00,1536864.00,0.13,153686.00
1041,WV,9/1/2019,27508921.00,4119457.00,0.15,411946.00
1042,WV,10/1/2019,32833393.00,3197821.00,0.10,319782.00
1043,WV,11/1/2019,35268743.00,1884367.00,0.05,188437.00
1044,WV,12/1/2019,34159637.00,2709585.00,0.08,270959.00
1045,WV,1/1/2020,39140547.00,3035253.00,0.08,303525.00
1046,WV,2/1/2020,40914714.00,-397120.00,-0.01,-39712.00
1047,WV,3/1/2020,14901577.00,1118217.00,0.08,111822.00
1048,WV,4/1/2020,2465138.00,129540.00,0.05,12954.00
1049,WV,5/1/2020,5466523.00,576709.00,0.11,57671.00
1050,WV,6/1/2020,6147910.00,541070.00,0.09,54107.00
1051,WV,7/1/2020,15072228.00,1522249.00,0.10,152225.00
1052,WV,8/1/2020,45185356.00,2294328.00,0.05,229433.00
1053,WV,9/1/2020,67610819.00,4129595.00,0.06,412960.00
1054,WV,10/1/2020,49997860.00,3950324.00,0.08,395032.00
1055,WV,11/1/2020,52271787.00,4886566.00,0.09,488657.00
1056,WV,12/1/2020,61566896.00,5499992.00,0.09,549999.00
1057,WV,1/1/2021,57103775.00,4891256.00,0.09,489126.00
1058,WV,2/1/2021,38015260.00,1024272.00,0.03,102427.00
1059,WV,3/1/2021,45917290.00,4311297.00,0.09,431130.00
1060,WV,4/1/2021,28995033.00,2241951.00,0.08,224195.00
1061,WV,5/1/2021,28264642.00,2928370.00,0.10,292837.00
1062,WV,6/1/2021,28054400.00,3318278.00,0.12,331828.00
1063,WV,7/1/2021,21290275.00,2295743.00,0.11,229574.00
1064,WV,8/1/2021,26131251.00,2685271.00,0.10,268527.00
1065,WV,9/1/2021,52193627.00,6128575.00,0.12,612858.00
1066,WV,10/1/2021,68074615.00,3160579.00,0.05,316058.00
1067,WV,11/1/2021,88190136.00,6983136.00,0.08,698314.00
1068,WV,12/1/2021,64710557.00,5159229.00,0.08,515923.00
1069,WV,1/1/2022,65125042.00,4528101.00,0.07,452810.00
1070,WV,2/1/2022,48476816.00,1904490.00,0.04,190449.00
1071,WV,3/1/2022,55672438.00,3117541.00,0.06,311754.00
1072,WV,4/1/2022,38655331.00,3067780.00,0.08,306778.00
1073,WV,5/1/2022,40439679.00,3748227.00,0.09,374823.00
1074,WV,6/1/2022,30145409.00,2066930.00,0.07,206693.00
1075,WV,7/1/2022,25769135.00,2706044.00,0.11,270604.00
1076,WV,8/1/2022,28553358.00,3455974.00,0.12,345597.00
1077,WV,9/1/2022,49859709.00,7217919.00,0.15,721792.00
1078,WV,10/1/2022,56968266.00,5427011.00,0.10,542701.00
1079,WV,11/1/2022,72947153.00,5521747.00,0.08,552175.00
1080,WV,12/1/2022,58705514.00,8060617.00,0.14,806062.00
1081,WV,1/1/2023,49384637.00,4019360.00,0.08,401936.00
1082,WV,2/1/2023,39740983.00,2726640.00,0.07,272664.00
1083,WV,3/1/2023,45538667.00,4469377.00,0.10,446938.00
1084,WV,4/1/2023,40827987.00,3107176.00,0.08,310718.00
1085,WV,5/1/2023,35140816.00,3849531.00,0.11,384953.00
1086,WV,6/1/2023,23695286.00,2053727.00,0.09,205373.00
1087,WV,7/1/2023,22301062.00,2719702.00,0.12,271970.00
1088,WY,9/1/2021,6242469.00,954416.00,0.15,-12398.00
1089,WY,10/1/2021,10847657.00,881200.00,0.08,16021.00
1090,WY,11/1/2021,10973008.00,1363696.00,0.12,86499.00
1091,WY,12/1/2021,12285012.00,813504.00,0.07,21792.00
1092,WY,1/1/2022,13977632.00,1098460.00,0.08,46565.00
1093,WY,2/1/2022,10301603.00,722631.00,0.07,18824.00
1094,WY,3/1/2022,12704938.00,1104236.00,0.09,44806.00
1095,WY,4/1/2022,9995920.00,1007796.00,0.10,51187.00
1096,WY,5/1/2022,9340833.00,1011714.00,0.11,53163.00
1097,WY,6/1/2022,7322852.00,673269.00,0.09,38036.00
1098,WY,7/1/2022,7246352.00,680740.00,0.09,38365.00
1099,WY,8/1/2022,10990904.00,1237815.00,0.11,85672.00
1100,WY,9/1/2022,13575173.00,1932519.00,0.14,115550.00
1101,WY,10/1/2022,17275317.00,2039620.00,0.12,115893.00
1102,WY,11/1/2022,16702867.00,1478158.00,0.09,100009.00
1103,WY,12/1/2022,15087739.00,1803272.00,0.12,135101.00
1104,WY,1/1/2023,14339351.00,1587273.00,0.11,94081.00
1105,WY,2/1/2023,11591163.00,1106141.00,0.10,54296.00
1106,WY,3/1/2023,14777639.00,1837412.00,0.12,130677.00
1107,WY,4/1/2023,12623675.00,1264212.00,0.10,82848.00
1108,WY,5/1/2023,12778371.00,1306929.00,0.10,81448.00
1109,WY,6/1/2023,9483450.00,775389.00,0.08,37705.00
